pathway	10918.38802.R1.fastq.gz	10918.38895.R1.fastq.gz	10918.38896.R1.fastq.gz	10918.38899.R1.fastq.gz	10918.38903.R1.fastq.gz	10918.39015.R1.fastq.gz	10918.39024.R1.fastq.gz	10918.39025.R1.fastq.gz	10918.39027.R1.fastq.gz	10918.39028.R1.fastq.gz	10918.39029.R1.fastq.gz	10918.39125.R1.fastq.gz	10918.39127.R1.fastq.gz	10918.39130.R1.fastq.gz	10918.39136.R1.fastq.gz
1CMET2-PWY	23381.25862319289	36310.95901507697	14993.8313811613	22736.739472823425	14786.058688573545	12765.278934316882	16551.483306097965	9026.414674135598	12145.407191031323	15553.971136511205	19116.299106676848	8124.464865874423	31301.236377869307	14967.896290328676	18638.883594871142
3-HYDROXYPHENYLACETATE-DEGRADATION-PWY	297.3396511744334	1379.7716275757587	1732.3184756785622	2905.9292598867855	6246.883647547806	3345.0653163599454	4823.555095103219	1140.9909460518206	1827.244240149508	128.86684976033172	4878.4291710402385	92.72769083401538	305.0106925709108	922.0011504257619	4686.428788805379
AEROBACTINSYN-PWY	0.0	0.0	0.0	0.0	20.52274368231047	0.0	0.0	0.0	0.0	0.0	0.0	0.0	0.0	0.0	2339.1680742380386
ALL-CHORISMATE-PWY	1515.1431935346654	6466.094720886844	5621.118345327548	7896.746348742609	10920.198606004145	6730.487225893052	9929.79896419586	2942.15660820235	5368.737619048917	989.1041224684974	11386.947751858257	551.414465388609	1181.112378591166	4333.177322841716	10502.009797134586
ANAEROFRUCAT-PWY	28354.189277384325	39825.15360861959	19971.913171073847	26818.323707876956	18503.57354821086	19210.235206613386	29325.075976215692	13420.435647985374	11404.604291387002	21142.54630328925	26300.45941938909	10155.959919386823	41743.79097499145	19008.868300276547	23500.17557328485
ANAGLYCOLYSIS-PWY	29543.74422771666	42784.26921908156	24733.263937392796	31420.391045308577	18921.51097819045	21568.3142892028	29107.96549409895	18555.71716803137	14668.985248318346	33476.71264096419	26970.558883665188	28420.268238213284	44090.815452549985	20374.104272023425	26175.554516544536
ARG+POLYAMINE-SYN	2296.159722394893	11386.490384413828	7557.538050042761	6892.816439539692	11115.793003384322	7635.980592249426	10822.369283555827	3541.707330868928	5042.020433877707	907.41709842495	12735.38376773601	999.3655202024312	7001.7230501075255	6438.603431399838	11545.99644986578
ARGDEG-PWY	377.8701480046813	1749.6382562629874	2135.951692552916	3691.6975785349114	6253.661780456156	4091.9213076227165	6037.519722578354	1397.5232917570875	2221.500330414455	99.4102331320305	5770.3080338521295	125.9175058556069	422.25285881321224	1376.119139037025	4820.906102682955
ARGORNPROST-PWY	1744.8522754478697	220.69014022084855	834.3216984563879	133.50326787550887	886.5318222129514	135.10624225753153	30.287655034084217	308.09577261397027	154.37940768570016	275.05930169786996	295.8390123914772	729.2260441385921	154.14169860579875	158.16403745833617	1610.1711145864251
ARGSYN-PWY	29864.089240345606	29207.41608502747	23805.45805573033	19216.796569703885	17815.54704336159	18948.429038262057	21305.487655821293	16374.646111485126	10929.858723607484	31742.961586605215	22453.13352523152	26531.24640581301	28773.620624759857	16748.697979733155	24539.93885202562
ARGSYNBSUB-PWY	26702.577917361785	18812.190611639548	23594.122262980094	17554.627204471315	17634.367638137068	19363.47192260884	22188.994659221884	16497.886367418923	11202.180591037202	31759.982452158867	22833.768018761682	27000.482523825573	25515.081778068954	15545.585786331563	24619.12060522242
ARO-PWY	37287.44207613749	39154.55753534473	26504.717729618704	25362.522484683785	20524.9388678618	20646.62820233645	24225.775499800904	18003.43809796224	13341.135000455455	34837.353826902094	25528.56245535558	28571.76981633022	37148.85439207128	21024.905216155727	28209.2676871662
ASPASN-PWY	2781.418496346858	29847.929165802223	4662.172625698045	23612.65243879721	9853.918680156537	7031.39686294211	8227.54646351761	5096.421718857522	9860.950156880057	2660.025230290822	13403.063572776746	2050.075033301294	25439.30074572019	12057.492057966594	8457.604166727653
AST-PWY	253.4	1192.6	1655.2	2600.6	5396.505787113795	3172.0	4199.0	1022.6	1670.8870187220707	58.079561042524	4649.832570877004	74.78709677419354	234.39999999999998	1055.6	4683.877456227856
BIOTIN-BIOSYNTHESIS-PWY	1304.6113441844495	8755.369148154865	3899.8160561093114	13160.839589383952	10813.785601776066	5823.398560252975	8790.426726054939	4013.5726552705896	4809.120952749711	1287.807845083543	10318.037678509772	717.1669539164997	1671.2208666213885	9973.689804440375	9907.87892043346
BRANCHED-CHAIN-AA-SYN-PWY	26981.666081705353	40201.67421716576	24544.543778220843	29142.77848752482	19375.626662683128	20883.334281656902	26329.604487561995	17706.520104881667	14031.939799667547	33564.846063233366	25364.310935028076	28385.297367159972	38472.69042389743	19015.49762479354	27650.73283345928
CALVIN-PWY	31414.413315137244	43602.888644857296	20931.68086858177	26278.862018167758	20447.096779755666	18350.718172216704	29033.565980103187	13952.75215893892	14479.447465427094	22123.266840688942	26195.36571401173	11352.303739638017	38944.33373650046	18572.883361661934	24093.443987467195
CATECHOL-ORTHO-CLEAVAGE-PWY	0.0	0.0	0.0	0.0	0.67	0.0	0.0	0.0	23.38235294117647	22.401104972375688	33.028571428571425	0.0	0.0	0.0	736.3050419067574
CENTFERM-PWY	509.62498717567485	4921.882545615004	1466.6306831848972	3309.532120525683	1978.4164603073718	33.71791222560708	778.559959063314	704.859246607206	147.50604638640337	392.8151017028766	2915.4159048889624	208.75772541040644	1866.1010473723738	27.836017820265113	175.54142287223638
CHLOROPHYLL-SYN	0.0	0.0	0.0	0.0	0.0	0.0	0.0	0.0	0.0	47.40968686506901	0.0	0.0	0.0	0.0	0.0
COA-PWY	23711.22418556402	34637.629950432536	11675.831236105267	21124.732690283872	13146.71242733855	10120.014661775029	22563.683786142792	6800.935995657186	12244.146646001325	11402.140596653087	17290.378800724393	5354.564981437823	28290.574730065604	13573.559878729135	14541.896955693837
COBALSYN-PWY	18181.465223858646	40838.05966529896	7945.67697009137	15689.793779307489	6043.883207146185	4453.491305324648	7046.305944919976	1938.382456213056	11187.990005112682	6851.367261246458	12401.492778039934	1980.6888289132812	20511.293687293204	8768.224315775798	6902.343443198275
CODH-PWY	11.997760061523644	0.0	0.0	886.7732253608025	0.0	0.0	0.0	3.9995222485848108	0.0	0.0	0.0	29.98329796832775	3.9997782543461455	0.0	0.0
COLANSYN-PWY	1675.919387438455	26598.39453360161	3663.33792030186	19879.25463447717	2289.4783620874073	6829.170687189374	7358.388988579606	5256.844282277101	8183.688100903258	1116.7954322037365	11837.966222774243	923.6219716947116	24931.890082454847	10255.80677534658	3955.2486420682853
COMPLETE-ARO-PWY	38294.77520311727	41300.92646519156	27769.956049523946	26582.595433975832	21668.72538226846	21773.089775788532	25635.810912587862	18954.498086913525	14188.555103506958	36638.72186618892	26638.773727540505	30189.66542177802	38854.48250027685	21783.070050536062	29710.161685972824
CRNFORCAT-PWY	0.0	0.0	0.0	0.0	0.0	0.0	0.0	0.0	3.9874755381604694	0.0	44.468922108575924	0.0	0.0	0.0	0.0
DAPLYSINESYN-PWY	25645.366351533852	25232.28906261044	23724.87249798908	19017.73313599829	18243.050648736076	20100.110243821935	21530.6502324267	16957.59325788879	7343.021955438953	32261.5324205262	21713.794365545058	27253.25505702515	25227.502948057023	15550.42864371687	25444.9651786976
DENITRIFICATION-PWY	0.0	0.0	0.0	0.0	1.3158949794268857	0.0	0.0	0.0	0.0	0.0	0.0	5.857589116281786	0.0	0.0	684.3321907616499
DENOVOPURINE2-PWY	30101.18221423168	41938.79175963837	19399.842583381705	25684.620546099923	17623.207565463246	16170.835582166736	15635.851473825605	12502.162136720915	12143.520047407343	21445.029693069377	21433.50384270885	12405.142838666807	34710.37548704267	18307.213220888254	22345.581782458394
DHGLUCONATE-PYR-CAT-PWY	0.0	0.0	0.0	0.0	1.1165938531905502	0.0	0.0	0.0	0.0	0.0	0.0	0.0	0.0	0.0	948.705930174929
DTDPRHAMSYN-PWY	17569.93174949545	26588.504609972384	18034.194395079936	26421.40475695967	10566.84403050109	15236.90645466222	21747.98951196063	17242.533556077917	10433.124295084588	26233.71690466655	15994.63081601147	24886.189531829266	33414.62218558228	18402.958027111716	19636.92224027515
ECASYN-PWY	426.352851927076	1839.3574135730532	2408.1342654070518	4433.318848389021	6959.548573787367	4236.986527854334	6234.205184279688	1634.0839189124722	2368.486512794206	96.06913974214007	6487.185792739432	161.49205893238334	496.2973434758004	1790.574656846763	5107.830033852249
ENTBACSYN-PWY	1336.625478801131	5101.240931181415	6637.1199629187895	6929.18417387633	12394.776793573155	9389.98303638153	11949.041482059027	4093.3990246471044	3886.9938337628337	312.6946859763009	12506.168606969988	805.2496583699003	1225.9529906356495	4378.2526996851275	11761.156565493467
FAO-PWY	760.289035049007	3623.9392953576744	4366.510521761636	6971.73238830313	13288.533774380161	7966.382987644922	8410.813526481299	3140.3527435656765	4367.275221053313	308.1346799734645	11676.483883331233	382.87145265192487	1358.0582110592063	2711.8163285308815	11223.382327205763
FASYN-ELONG-PWY	4120.320732958053	34368.56129373832	4817.26707830501	27334.4340212367	15133.826057989174	6532.814924168232	24976.7403145631	4928.016515265122	12275.341293875144	1978.1985060106379	13277.995327556377	1502.0864573545405	25861.937126617908	10523.306351911182	14031.655596505252
FASYN-INITIAL-PWY	754.6699037197274	3641.3283987331033	3518.2281635302525	7679.475427949425	12765.188988202626	6274.535131294489	8620.108185347011	4632.214588148829	4771.790401295399	1330.01586279066	8854.138860504829	517.3980130454123	622.5329227725481	8550.963306068514	11739.235231913699
FERMENTATION-PWY	20382.571536312313	24978.071143097957	21826.592528113055	20809.781526192248	18623.458208060292	20184.041161229692	11830.142590386964	16813.342579041	9840.035985479513	29081.16307680343	22521.8570042766	26078.861748437695	28717.832494950115	15477.507072227585	23628.162498431324
FOLSYN-PWY	9906.513300750154	36943.64476789245	13103.539372953946	25021.698242134935	15479.303849965469	13955.416834628511	13469.345999815649	10342.571927964242	12337.38300801536	8069.44574390377	20084.850897352873	7196.091228882555	31396.08711121138	15442.583193710274	18402.132418000583
FUC-RHAMCAT-PWY	590.1743065651392	3218.782705771605	2073.1909829557835	3288.936584528346	1375.3301137009719	4452.910930462769	9820.473910466104	1989.9384222066326	3472.1057899044067	867.9676667647063	7899.390885753528	131.21041695722084	2296.045961518159	2535.038318872496	1489.388528123853
FUCCAT-PWY	330.8208333859848	1619.594394009288	1772.4258428749056	1644.328231388461	1075.5157770868486	4243.130969162869	7444.014993595461	1322.4895197002977	4798.3094282428865	1016.6174081306049	7347.0341757635215	68.3408994862286	1093.7959337565976	1399.742131292875	1433.6173430689066
GALACT-GLUCUROCAT-PWY	1351.5069263743676	20074.309047691924	2706.532308221766	8324.340391853328	6795.987397029884	4488.494265248451	12339.97949230499	2716.3203811526723	7873.905656844872	1306.5925458871848	8699.568264276135	638.2323270878585	6310.314484099001	5998.637111031771	5807.008087238377
GALACTARDEG-PWY	298.3165725333663	2564.221913441247	1913.3979259997348	3262.599383869641	5627.067910107778	3695.5803669282204	5299.085452652028	1181.0880158575376	1906.7173986146613	123.15280000628967	6060.948176043635	88.33509612854039	660.2597408847508	1222.55841694302	4150.455035836033
GALACTUROCAT-PWY	2021.6458337312877	25338.484684848947	2784.284175852422	15897.95727623123	8066.062087238278	4524.361875800103	13550.42346409805	3333.696945012118	9428.956637449071	2075.915808253396	8850.236143273707	1511.0777771600146	13212.576875439525	5983.110296331717	5969.422103913986
GALLATE-DEGRADATION-I-PWY	0.0	0.0	0.0	0.0	0.7657142857142858	0.0	0.0	0.0	0.0	0.0	0.0	0.0	0.0	0.0	195.42857142857144
GALLATE-DEGRADATION-II-PWY	0.0	0.0	0.0	0.0	0.7657142857142858	0.0	0.0	0.0	0.0	0.0	0.0	0.0	0.0	0.0	195.42857142857144
GLCMANNANAUT-PWY	1500.1200135036922	5044.966494849123	3564.7780344934135	8852.087664460478	2232.9404414081673	6548.566370783181	10137.845291278289	3662.974688529033	6480.195971649843	2659.474816978012	9851.630599458753	1844.1074065168718	2430.379554596619	2745.8041400918173	3304.1380108870626
GLUCARDEG-PWY	298.3165725333663	2234.8226672267024	1913.3979259997348	3189.627378574038	5627.250081716361	3695.5803669282204	5295.911213002911	1181.0880158575376	1906.7173986146613	148.74796301767256	6280.167913761949	88.33509612854039	627.9021185257864	1222.55841694302	4277.524400441234
GLUCARGALACTSUPER-PWY	298.3165725333663	2564.221913441247	1913.3979259997348	3262.599383869641	5627.067910107778	3695.5803669282204	5299.085452652028	1181.0880158575376	1906.7173986146613	123.15280000628967	6060.948176043635	88.33509612854039	660.2597408847508	1222.55841694302	4150.455035836033
GLUCONEO-PWY	28253.631773718796	36660.96456946278	16186.033094025075	26419.52414955255	16606.776375233283	11729.978162214946	21493.19897442076	8827.04258681094	11442.614054364967	15870.253855203524	19140.29396228894	6273.594526690571	34102.92566430727	14829.702137209933	17856.614310587596
GLUCOSE1PMETAB-PWY	634.4611588645424	2792.914047597043	3122.716439055762	4860.105194428901	8372.038170033886	6410.387955301238	7223.331299113582	2119.9611227591577	5927.309755850378	931.5020373618557	9706.385023890329	256.2855060467474	542.7045428731651	2209.6796667969643	8163.059056509061
GLUCUROCAT-PWY	1961.545615920469	18364.67801133557	2979.6071788966574	6930.924159669013	7469.120529263951	5032.464398913	14157.030448785588	2775.651505694104	7807.24499622645	2011.519355332498	9294.686616130268	1412.3390356010025	5369.325834981662	5944.980469062859	6489.962999749712
GLUTORN-PWY	21685.66918862243	26600.91604203388	21305.906891848146	20711.394806074626	15955.275576055597	17279.44944158901	21162.920466401523	14641.644661836817	10944.228650105368	29109.214738857212	21380.717480923926	24796.645107496446	24008.82277826388	13606.943953171798	22677.321141908975
GLYCOCAT-PWY	19676.692137837283	35855.51017538587	21487.88841952078	28102.044217093688	17655.999018765837	20023.325788453225	18220.404425098517	17747.87746758356	13906.780646385381	29103.56077172781	24442.904380127056	26256.890292533524	35240.01664909279	17150.736707332675	23687.34786642194
GLYCOGENSYNTH-PWY	18147.694263613725	20742.107923017258	19935.024519284343	16602.387062387523	15003.12708574302	17758.128990020934	24300.211758308506	16228.325839916972	10189.727280779574	27856.27803402089	19590.73091668902	25358.3858826191	23594.31490086202	12627.417630047052	21540.398983635903
GLYCOL-GLYOXDEG-PWY	414.5419367172927	1684.25856963506	2476.0120538131246	4955.7271520402355	1325.661290272721	4701.303500004118	6193.92262177404	1587.414297231243	1587.8507567453194	24.3624036193143	6241.981857411202	110.56967812906998	878.7214538040008	1626.5858226856524	2494.9395902418914
GLYCOLYSIS	29910.81682277376	43171.94583697601	19510.314024490042	29637.47480034225	18103.51560484319	18591.101871735686	28244.95645152284	13123.457190976094	13639.513727354597	21389.892990786833	26254.888973805424	10529.715117857499	41722.0132960231	18936.584089255426	23076.50996321944
GLYCOLYSIS-E-D	11601.776260739358	29986.52171324707	9912.784184621234	14741.097022773394	15639.666268186493	10305.852992936923	16134.308541865525	6315.186882632837	8242.453081718682	10373.045033156503	17289.351782297155	5307.723432283641	19387.247517680244	12638.903874642376	17135.892297235012
GLYCOLYSIS-TCA-GLYOX-BYPASS	1912.8652582781642	6977.664264217891	6447.1596907619705	10449.532735056488	12118.762644980523	9113.392628370393	10800.751592497332	4416.557411243648	6143.684548594564	543.1766346143778	14130.5574870106	720.1301615701822	1648.5065757488267	5591.300490627905	12448.989941511465
GLYOXYLATE-BYPASS	863.2727864752849	4198.883664273639	2633.799558157383	7064.388698942661	6671.275316802988	5510.877409799585	6288.902929869919	3005.0213566951784	4102.758017345394	180.779198785352	10079.771237335612	198.6001841767336	894.3390580055266	3522.3844724216556	5840.472366528141
GOLPDLCAT-PWY	96.60997955072895	520.0755738702735	242.0744623597941	196.38883198542425	253.97815390158382	1187.2872526320805	928.8271064346486	317.53671444518983	242.0467707694204	23.18186589669388	27.077245362251293	45.01599091666363	773.4186864326616	149.8860281458555	0.0
HCAMHPDEG-PWY	248.9454545454545	1146.7636363636364	1727.1272727272726	1586.8363636363638	773.8909090909091	3436.581818181818	4571.127272727273	1105.3090909090909	1089.1636363636362	7.82608695652174	4577.236363636363	18.32727272727273	236.5090909090909	1131.9272727272728	928.4776755018298
HEME-BIOSYNTHESIS-II	15809.821636096956	13291.439076348046	5804.212566712852	3057.361246774016	6944.616490562557	3794.553208704537	6481.385666533348	1455.0824292414336	2462.013529344359	5918.805212241934	6047.506232923017	1669.2018570338466	3215.4996673415963	5856.155035453085	6214.418333300403
HEMESYN2-PWY	19820.87619747617	18513.539976028107	8858.613520493722	4664.260456742668	11875.188128846523	5731.283479891862	15768.174109207024	2898.416185070479	5287.311642905745	8229.097289519497	10425.277591042122	2480.4838914876186	3374.229937658418	8499.107097502078	12672.28031565988
HEXITOLDEGSUPER-PWY	4344.513395509282	6043.9069244	8276.606723807527	8821.41082625341	12785.856145006233	9009.684161013069	21652.535729207975	5059.957614869569	5432.631520122419	1744.6507259806667	14663.751575476052	3215.2599707680447	2284.413321675609	4770.212798890322	9035.64981698301
HISDEG-PWY	15865.098321397563	30064.83997601603	5152.997673065736	15391.731602740365	8646.994764500525	366.564903577268	143.5764989438336	3024.2687764509997	2116.2126621032708	5639.013492653554	4789.049923273657	2332.5858321011647	17592.099616370466	9513.033071308912	8362.01379817113
HISTSYN-PWY	24823.07993715109	36943.84545793421	14387.398268607509	23404.404388774896	14627.217645778783	13344.731721130238	22086.746170529612	9077.222600966878	11537.170058827027	15193.975205250974	18199.768715520237	6150.987986282936	35835.41502460729	15466.809582966933	16964.69162452214
HOMOSER-METSYN-PWY	23863.775237048038	27454.258482110596	21444.69656667459	15961.58256758434	16969.41550162287	17447.420868785855	21871.94753404071	14408.193024469816	6953.0707411715375	29482.144862359488	18201.90716505821	24899.88881383455	22099.666032473582	13766.012837600667	23908.98115881882
HSERMETANA-PWY	25963.921393815563	30274.401816589627	14190.774453039303	17834.481819224366	15253.2177384356	10515.059093239932	15992.74852780592	6392.935917309056	7931.645362453339	14971.15064331224	19096.850347165357	4992.954698461594	24437.7578591164	15205.063453969258	17298.255256142016
ILEUSYN-PWY	35320.12904464976	47918.90148125729	27573.54418773465	30273.167950402596	21776.041334646954	22027.302752331674	28049.64033175739	18349.743699411127	14819.920855355342	36933.73366457247	27476.910798859015	29425.613282938753	41635.755948814076	21846.640581707674	30165.88582348512
KDO-NAGLIPASYN-PWY	1742.0913633136495	8650.129814616801	4857.094610150333	10443.40574794224	9006.146197169719	4567.305775621872	4318.551684989106	2421.102508929893	5449.455100961784	2117.1946095053536	9435.975808463843	555.415216615467	1749.1998614352397	5158.285343716748	8373.584942198186
KETOGLUCONMET-PWY	0.0	0.0	0.0	7.994582881906826	0.9999554397781971	0.0	0.0	35.72229007829878	0.0	9.901627087965057	0.0	0.0	19.702292348913364	336.04613337276356	0.0
LACTOSECAT-PWY	828.2243192978797	312.8866174568382	754.5971592383776	168.52000458908788	625.2739946039611	615.1470467626691	16406.80506968515	1849.4398731192314	334.4308681304198	442.47095755971606	833.4637442759829	1313.6766362650887	562.8787199015519	193.31370610891656	1170.4244315597941
LEU-DEG2-PWY	8.62364646493928	0.0	0.0	0.0	1.3388220713250916	0.0	0.0	31.752181404536692	33.696012104411636	33.32130377554239	54.168963505303395	8.822909097700714	0.0	0.0	1079.404220051212
MET-SAM-PWY	27551.280550111336	32983.48236482268	24093.932286345174	20683.162750650175	18812.221583172395	20111.576722511516	22659.425733947774	16818.17956663705	8827.665062536178	32223.568353353257	22013.368021662922	27451.6115050588	28703.154379839958	16793.399240483806	25961.98368642812
METH-ACETATE-PWY	127.48270734690924	1828.7212290932564	2309.1038437828674	129.30473269479964	2717.2233027547372	3.9936716271274317	0.0	0.0	1182.4781531996382	4.798622775860405	1334.8602140169335	0.0	0.0	0.0	0.0
METHGLYUT-PWY	311.76345054325117	1394.3721299753747	1908.8105810924717	2420.615584120983	1122.2302156891888	3667.888455794209	5140.648563767918	1233.4347671106702	1390.382066859379	12.767769153919794	4984.9396631899335	35.308603807670956	367.3698795418462	1286.8114238419357	1518.6937410480643
METHYLGALLATE-DEGRADATION-PWY	0.0	0.0	0.0	0.0	0.9571334566578957	0.0	0.0	0.0	0.0	0.0	0.0	0.0	0.0	0.0	243.67866845604814
NAD-BIOSYNTHESIS-II	575.2823562448599	2728.2632549174327	2934.3723580152273	4750.467903472685	7879.790780820488	5987.1287795004655	5662.738939150782	2025.3727724589971	2675.5652563818853	855.6873021108604	7547.7542072240785	215.38378827601179	522.2233217657871	2083.0439817706233	6855.811105304183
NADSYN-PWY	6.180776311519667	0.0	0.0	0.0	0.0	0.0	0.0	0.0	37.58897899627634	21.74582680018348	0.0	0.0	0.0	0.0	17.588219747320338
NAGLIPASYN-PWY	16044.920096124008	32554.227564032863	6565.433465238361	19007.999280105887	9271.948908788041	4137.825433253236	4309.881207490946	2819.288028583331	8138.2812403745675	5749.816005124447	10750.528913479306	1743.5441791007097	23385.566978825536	10685.784971718	8954.08395024576
NONMEVIPP-PWY	30409.666895561662	40795.29261297941	23358.022367432164	27184.46228088832	17607.4012061409	17787.426797252247	11189.185923387351	15636.421127904123	12475.963369074965	31463.912409896227	22757.362755425136	25609.903483584265	36444.45242228853	19186.912663142248	24214.42650165417
NONOXIPENT-PWY	39247.829608986656	50781.053246188894	28607.14618270327	29953.860108860765	29062.256274842795	24507.172149976912	43123.543764995906	19710.352900140228	16397.58000332271	37205.24030364122	31575.47661813465	28257.382439026263	42819.13019242326	22866.643758427195	30967.170579026075
OANTIGEN-PWY	21977.199658626494	25342.39961333873	20245.121951876306	17419.657101196477	12579.908068979435	16843.345934276236	20508.409040117444	15810.971737549677	6645.5827781666385	28483.26609724034	17052.561532999935	25299.236605572827	25208.997596979763	15933.212456600513	20597.028932038495
ORNARGDEG-PWY	377.8701480046813	1749.6382562629874	2135.951692552916	3691.6975785349114	6253.661780456156	4091.9213076227165	6037.519722578354	1397.5232917570875	2221.500330414455	99.4102331320305	5770.3080338521295	125.9175058556069	422.25285881321224	1376.119139037025	4820.906102682955
ORNDEG-PWY	498.8114009878202	2190.7167696767488	2750.743382428043	3416.6884403282406	7023.254547988436	4298.3285266266475	5610.439170922198	1481.2693190244427	2281.5670272625657	133.49968745349008	6668.469552298298	140.24626444159176	449.72774229380724	1833.7646449556817	8994.659582122596
P101-PWY	58.39138158140215	0.0	0.0	44.6322093462624	0.0	0.0	0.0	75.28770098622947	4.991920556306485	39.28474465594271	0.0	4.931038092979305	0.0	0.0	0.0
P105-PWY	2231.6641543178807	8004.871148466053	4716.811076264098	13952.954449841656	11430.110312801893	8247.22537609451	9079.694775334958	4879.735660586475	7231.146490859908	822.6649238466648	13338.040814781574	849.4516848023371	2691.7446228431536	5959.9915203875635	11196.058273804207
P108-PWY	3925.03915170644	44239.26783309481	4094.090350916397	23370.338259241977	7446.01700022797	800.1635893288889	148.03029379543312	3131.34865138992	9969.71811324985	1641.6490448907145	11079.994291793888	1666.8016376122418	29202.902101171174	14056.935696045179	7423.169739505694
P122-PWY	12125.426714894336	14426.14626221948	13775.36394239052	14677.305103350147	13433.727894190593	17539.965371486942	19460.15739383515	11816.461622933222	1235.4237369249283	7143.579828850531	17036.12503905278	7011.5299316366345	26030.274558135312	13466.695828039783	18527.29728686359
P124-PWY	21206.073270574267	15957.854689019532	20901.515136523623	16528.08364897936	13217.51936778122	18152.493359157048	20176.411518508794	15948.86588479287	1412.877395514378	29494.682765998798	17778.521296955532	25996.190079624674	28247.2703018912	14552.354548559779	20469.920116884467
P125-PWY	116.58344253983478	605.6138383173986	97.85693434626398	8.989971637539071	17.23963642852609	20.08909555486428	35.97940249119236	150.68308719345904	11.103706788074492	221.10155694184348	610.8759795590488	210.0479823184513	138.30491832823455	127.26189196162784	269.38933704953973
P161-PWY	22217.20450197104	16761.326961596274	27997.660157799975	16978.62841075461	20915.112467471947	27389.204814636905	32096.638525175425	22247.086095755378	5869.251226929718	35261.54419479128	27859.48300302149	33446.375787840065	22618.406874330158	15437.359141783863	28648.087248986176
P162-PWY	139.09999095635396	2393.798159960498	0.0	7.955474245247621	5.353685437074519	77.67903801489447	0.0	350.2929752374551	15.20125468336802	65.87235706598001	0.0	0.0	139.81505231291754	0.0	1884.8375157061391
P163-PWY	0.0	1438.7995271032048	0.0	1142.9411784034166	0.0	4.3623421669735745	17.993819798969806	184.18889016286923	0.0	18.33021746675118	386.8535901199882	11.739201381392528	2994.138532609097	5.330297914442009	0.0
P164-PWY	1566.1947898231454	8853.09534910679	5551.7473781836825	6094.86525868443	6707.586770439248	2982.285187791504	8989.89047352733	3576.754147407923	3829.3904226641494	3183.57352734693	11714.156580561383	456.768349436369	9800.304719263038	5282.993936671386	0.0
P221-PWY	0.7999864282934687	0.0	0.0	0.0	1.3399353025849878	0.0	0.0	0.0	31.916927375668166	15.596997354408222	60.49857446373863	9.998687977018928	15.994976410935491	0.0	1300.1291626686912
P23-PWY	7563.460520363524	20638.38435040483	7866.031559486027	16098.507571576625	13368.180542916696	2417.3344801031135	7280.37882931762	5380.6598707288	8928.613498996192	3534.699732538351	16945.597009397705	3353.949954632761	21284.29403540792	14576.423956641784	12662.383456136848
P241-PWY	5.909657320872275	0.0	0.0	0.0	0.0	0.0	0.0	0.0	0.0	15.082872928176796	0.0	0.0	0.0	0.0	0.0
P281-PWY	0.0	0.0	0.0	0.0	0.0	0.0	0.0	18.0	17.442857142857143	16.398592331913317	0.0	0.0	0.0	0.0	134.18110918544195
P341-PWY	57.441256883096415	0.0	0.0	24.987203002753798	44.939012258073426	22.484839576098867	0.0	252.85473943759925	0.0	0.0	518.76624660432	0.0	72.42378021516822	24.98134238297953	0.0
P381-PWY	14.637625710467798	0.0	0.0	0.0	6.491872232479262	0.0	0.0	141.61697200024594	19.254960246535585	0.0	0.0	0.0	0.0	0.0	595.6279471366859
P4-PWY	24497.361514737004	21006.01042792485	18255.253193706394	17895.602848494436	16699.574384598654	14402.871395302813	19036.988169395485	10569.70040385372	6297.326362801807	21444.440799493783	19061.72075209055	9075.536652229937	25328.37910321882	14747.962502607625	21259.584607717887
P42-PWY	29480.29411507483	52651.22712219323	11532.929647308836	30175.300247461917	11331.374046754738	2267.1026217666417	9197.387254138219	5947.7081276373665	12579.275059197189	11412.157198909017	16007.717181181857	4252.711488046161	43126.46741983233	19956.841595153663	10705.54761625657
P441-PWY	4554.541691077829	12553.819091194691	8869.563339345475	15733.811087031312	5964.822951523246	12409.686817537828	18289.503985386953	7237.050071979759	8430.78614690862	7349.023405351323	17822.782563263143	4863.6091757630575	7050.155345582519	6938.504120387494	8577.01842302409
P461-PWY	2276.0297180019147	4413.959032411646	6692.618388269352	7478.933654293112	10964.240640564838	8218.334405089314	19391.75278974512	4018.0668909297315	4833.100945635136	795.2070952590099	13793.998815780817	1910.458992189267	926.7637416350016	3925.127194664648	8261.115991206396
P562-PWY	200.77836350076777	379.30322314274616	92.75691529363505	1201.2959169303517	4885.488094992799	39.311059130582265	452.7910691460366	151.91307991377138	943.1081955584193	64.49953632148379	655.4214779365692	66.19018449367996	98.6331960408109	37.028966401706036	3796.1401751493013
P621-PWY	0.0	0.0	0.0	0.0	0.0	0.0	0.0	24.0	0.0	0.0	0.0	0.0	0.0	0.0	0.0
PANTO-PWY	18884.960331556573	32413.47936404523	10500.919339348819	22013.56658735168	12789.412595669362	6477.311202893862	8411.10944756545	4878.743086031564	9708.31701237152	9226.967209093025	14508.758474303802	3603.703144555055	28057.14645615959	12586.504560532301	13049.319580863836
PANTOSYN-PWY	4286.753101238202	29446.608289589625	5860.682876575478	20947.096605438943	10602.750351932902	6898.195620339857	10565.99791765699	4701.8148470723545	10088.8627941424	851.986469728003	13196.663853298633	1937.2437723876244	25053.273351642827	10060.212165319777	10492.021690349951
PENTOSE-P-PWY	35102.41624011386	42214.07373559208	25698.893486410077	25318.45014957884	21401.843497048554	21160.50914008882	23220.284321739575	17332.62311431799	9751.650433093464	34030.5327883106	24372.724721064158	26836.63599447287	36314.92426836443	20606.046746212978	27285.103951514615
PEPTIDOGLYCANSYN-PWY	32726.29157041183	39379.29453283477	24212.372491375154	25380.58431078216	18456.76660615311	19869.101977706527	23004.27913665985	16912.189135366523	11548.382776136115	31923.95308829188	22676.128322064105	26519.062216434006	37080.435281504964	19132.498627456134	25334.710011240524
PHOSLIPSYN-PWY	32651.63890425554	36667.77746995112	23947.46176439363	20381.504315089525	20278.083841808173	21178.6071471708	25310.19211155188	14397.163114091909	13127.958551608823	27246.356050028524	25513.159156867656	15605.20323555152	28031.947381292106	18143.20478338333	27168.411895422236
POLYAMINSYN3-PWY	1094.2504734362903	1220.355535675268	241.12355125097082	838.0981289950479	127.31287358868585	183.77051696424203	40.58369170442638	464.9971153314207	3139.5548784410953	135.45130475635517	3890.3709301209997	417.43841390530827	2043.4667169410534	333.2543716036383	4063.1817518335265
POLYAMSYN-PWY	1285.7655231513068	7236.803952869313	5322.31899893582	4218.529964288134	8407.352103634868	4983.664907264902	7477.388935772188	2053.7124695124176	3314.2014577385107	470.0169131964655	9562.71007727428	531.8539224935719	3990.4284076228096	4045.007920637469	7830.436912548314
POLYISOPRENSYN-PWY	25695.86630377179	36408.47622875196	14431.29928614333	22402.74813768671	14618.376855328306	11097.869562453752	19784.59027601907	7067.796593366271	10676.23745544782	14898.03425186169	17475.692290957628	5665.533104070178	28880.52011703804	15528.404037977445	17203.428547195133
PPGPPMET-PWY	648.1137573488669	3427.933710536263	3918.2307513576193	5790.2151821094185	10641.586374069366	8274.002505698427	8028.0072961531705	2642.206488754711	3768.195024125544	1085.8606673300733	9795.090781957424	256.9768431512172	582.5918225822976	2641.9692191108447	9357.269659258252
PROTOCATECHUATE-ORTHO-CLEAVAGE-PWY	0.0	0.0	0.0	0.0	1.1910838111767337	0.0	0.0	96.48923182754145	40.84705412769932	38.2383795151895	76.96850557118809	0.0	0.0	0.0	1256.1972379287893
PRPP-PWY	5084.771259809196	14751.916678561322	11798.41988552957	17339.618060915465	15668.842437960839	13281.442953525826	13855.335760305867	9243.039411315494	9149.835712184384	6234.544147286407	18777.547873672327	3041.492888984439	21816.286520988746	14112.80742063857	18320.597418855683
PWY-1269	16039.55454697088	30609.78883092085	6962.008247818669	18614.267307567952	10244.980396264056	4642.423075650037	4850.8372706073205	2849.787113321739	8488.127090465094	5754.382429007418	11390.722102795484	1764.4973351599365	21205.01685855919	10528.730301080124	9666.925073270859
PWY-1622	3.420083049362407	0.0	0.0	0.0	0.0	0.0	0.0	0.0	0.0	0.0	0.0	0.0	0.0	0.0	0.0
PWY-181	37.53798873526804	0.0	0.0	0.0	0.0	0.0	0.0	263.82499086623136	0.0	87.04610680870003	0.0	15.284229616440559	0.0	0.0	0.0
PWY-1861	1000.8075842795204	1795.1836977631444	167.0296506223446	619.1377737417814	1288.1735979206758	1838.226460288774	11679.691819699325	0.0	486.09653871822997	2670.0882560768728	4789.31425197585	271.83072276472024	625.1490398049633	479.84991965487086	0.0
PWY-2941	2050.2899471006704	558.6211754505355	2761.751627104583	1148.5770823490022	1928.7298942141324	6513.271355653971	7414.667480520387	4309.507269497895	408.77525621903203	1231.4252414276216	1316.1530004837073	2949.3108944543455	2558.1128006265476	1055.9505576540073	2608.6785233670607
PWY-2942	36282.73401763441	44337.00384863671	27186.690856043606	28740.300849142488	21588.469648564478	21331.86852529915	25536.538339198298	18494.804902022257	13802.392844906532	35824.26352901549	25917.309583984028	28989.573681709604	40681.925050818434	21700.07123146541	28901.493783532595
PWY-3001	29026.47559513854	40527.69048076072	25231.17655013826	29350.67322730886	19595.16728788036	21130.743592626688	24433.946679823603	17983.57432364562	13252.942607050942	33832.92288526278	24412.20119481961	28703.43352962271	39168.49169910516	19132.50179305221	27677.38986041825
PWY-3781	471.76505221092384	0.0	53.95210715655234	434.6489516216518	21.394704229906758	0.0	0.0	658.5323220019302	127.68827414068716	561.0408843017284	0.0	85.59788772914366	11.999016822507427	3.9998215888049478	9536.533345331532
PWY-4361	0.0	0.0	0.0	45.33975907904615	0.0	0.0	0.0	0.0	0.0	0.0	0.0	0.0	0.0	0.0	0.0
PWY-4722	0.0	0.0	0.0	0.0	2.384377214906554	0.0	0.0	0.0	0.0	0.0	0.0	0.0	0.0	0.0	0.0
PWY-4984	22459.35066740358	18007.286788403057	9409.943236145014	9424.301668003922	7403.190840696764	670.4125523475883	240.80541503775618	1318.3405694155408	2112.349697761332	10597.117837094713	6458.622186849713	3401.4554601489313	19686.62295690787	8581.68547449968	8088.599193832303
PWY-5005	2700.49092031406	18737.80801446478	4434.296955821108	1096.401587805408	5575.4184624660875	620.5405783990739	85.90362944842659	1002.560493140645	1881.5814906603414	1057.4199613767391	5640.168485186535	890.2387118846281	3469.664377580596	7200.591417560186	5441.295083571231
PWY-5022	1039.6742767478513	3994.2913020099863	4250.88691902687	1929.8810025634	5122.864517031683	567.8073642409714	1633.7798265488634	934.7440745767767	1406.5295471103377	210.9054750949114	5325.511645619111	308.5627895635211	2683.0241532855366	2945.183690954141	5274.141881765196
PWY-5028	42.43180355720474	196.72849865275182	4.9970911425940745	330.7116425170129	53.7240195470623	353.5124480220225	135.06251765666036	0.0	236.63660594385937	670.9461471493487	772.276269288154	7.485568299250055	173.96172359686688	275.22126722435763	4868.705011021855
PWY-5088	0.0	0.0	0.0	0.0	0.0	0.0	0.0	0.0	0.0	0.0	0.0	37.940900423414384	0.0	0.0	0.0
PWY-5097	35034.23392247291	42773.61266936822	26563.1229427646	28141.07331286544	20985.921599262474	21036.13737597524	25035.273605615035	17783.632497930415	13726.444011684174	35190.26240283488	25439.729758045545	28276.198244117666	39977.199303765105	21206.939509088577	28107.585574460496
PWY-5100	35533.21546811327	40421.12393268759	26627.487189680196	21760.1443760388	18638.206984120305	21874.83454879831	28215.228263692017	18517.6242108982	11904.65057458743	35981.42035961326	22944.681154287133	29883.500143691253	37018.38975557233	19925.25304147529	26525.19962537122
PWY-5101	27417.017059643174	42776.760611837024	26560.078036046987	32833.557787226986	20525.538647886668	23784.000461381816	29962.42520141386	19961.64738411026	15331.919793491741	36757.21663375714	27556.3391438724	31817.051182196235	42314.035794379764	20387.098497035968	30129.865823648186
PWY-5103	25159.190483710358	38512.397161778885	23879.22291355443	28912.683803171658	18382.38093193466	20695.57882782727	26284.940146152894	17594.92684328088	13557.761251055157	32881.972786860555	24527.688946154907	28305.648875911116	37804.94557485278	18389.5131481519	26838.950446105566
PWY-5104	25488.362726315976	39701.86639535277	18280.36868061995	26046.10777849708	17468.144837988784	10504.839806389802	28219.30082292661	8344.011487545105	14450.504949959108	20336.58377614783	22039.50239891593	8507.863190845446	37797.18366722135	17618.42798623071	19476.59768753976
PWY-5121	30829.02520054105	39853.57205401464	23261.514419518797	25675.305949517937	16453.5058632163	17502.062744120405	12763.88912603826	15777.431929937826	11901.189936770694	31485.61149551187	21625.413342190117	25785.91698067464	36441.349221833174	18885.255438267544	23560.33846488913
PWY-5154	1616.8740647555255	18775.9080165696	4505.704564816565	19662.409756838017	9948.394751358546	7534.232291555679	8261.901556837147	4476.702811473916	8011.798824322576	2152.5712840650153	11310.708101157965	1193.0708230139412	24010.26528010834	9340.805237569202	11372.741820381352
PWY-5177	1132.3887070879307	4303.646530641381	5282.934057054215	3036.228886493927	8147.979260483831	1499.1649402604342	221.18566076132623	2186.0297265024856	3350.400118308664	564.7886049029469	10342.829916804698	1313.9498307458773	1185.1043268233175	3501.3110140237254	9782.03605810281
PWY-5178	0.0	0.0	0.0	0.0	0.0	0.0	0.0	0.0	6.382312034556401	10.145183245934312	0.0	0.0	0.0	0.0	0.0
PWY-5180	485.86815458489116	1672.2505524916637	2068.02693473555	1858.6169028171555	932.8762611631681	4018.1504494882793	7195.570604458563	1332.0743715199085	1228.152762014165	25.216997276842353	5233.1860395545955	167.90110532153818	290.26065860288423	1341.0809656540844	1753.5545349852564
PWY-5181	0.0	0.0	0.0	0.0	0.0	0.0	0.0	0.0	37.726427910647736	12.47707784856484	55.37104503312887	0.0	0.0	0.0	786.4555725030374
PWY-5182	485.86815458489116	1672.2505524916637	2068.02693473555	1858.6169028171555	932.8762611631681	4018.1504494882793	7195.570604458563	1332.0743715199085	1228.152762014165	25.216997276842353	5233.1860395545955	167.90110532153818	290.26065860288423	1341.0809656540844	1753.5545349852564
PWY-5188	18020.917265685915	17504.79655366661	7955.450745513391	5974.944269243233	10860.29776358234	5676.506708876787	8348.279947632478	2334.514202273664	8850.695556243121	7466.447320545906	12386.801109450384	2076.582569510984	3853.9092775126614	7685.5768664036505	10743.014715104357
PWY-5189	16001.655766174274	16044.56636592905	6990.768047224978	5392.42093274259	9897.839552790836	4947.4048984238325	8691.278818851062	2001.9218221123735	8640.562174145738	6430.222709365366	11220.901501543873	1744.8280962281165	3469.9096420543187	6869.860776506723	9552.737941458921
PWY-5265	550.303507155421	45.47407244862486	1274.0500339969108	139.72160629004225	228.61789380542018	69.65931723667867	360.80829032970985	6744.6215783286025	76.55860062074579	1394.3041023400997	0.0	5871.79332292367	1634.6590871077408	384.0666513685319	510.73083817281605
PWY-5304	142.84	288.5	8.0	2503.0	42.0	0.84	0.0	1052.25	3268.0000000000005	16.25	371.0	124.24999999999999	3554.5	2157.5	16.0
PWY-5345	1042.1169610934671	9622.629050482514	3775.1230343037337	9227.135090137806	10045.144057397049	6544.770985935389	9054.993097882894	3231.1616231793764	7686.891361267672	654.1670238271972	12749.380057106247	623.5926639332613	1406.125340290714	3747.9575974483087	9154.32551569005
PWY-5347	24462.87392943094	34904.715425736154	18171.97117581876	22344.43726501433	17342.564655397575	14318.531145132918	19430.30783418213	10729.984914007902	9956.262464790181	20977.57194696354	20349.690588361307	9245.452600313987	30262.332657366245	15361.632400967868	21026.50085939197
PWY-5384	17132.154796042854	20473.026505065794	19582.654594974178	13091.821863740925	11683.570438594463	18293.170641280925	11367.252513515767	15478.98144648932	6045.591301971777	26973.011052223203	18518.44225264933	24376.37488166443	21748.254643878965	12597.371864809591	19132.85136478314
PWY-5415	389.7991158630018	110.53848196852863	1078.962894968568	496.99175193521836	862.3841530858657	154.99717609696123	6292.873082617707	506.0901690204829	503.6693466989496	21.227254112435244	1147.4635794035587	37.88512485163481	145.89286894727917	169.2586981819745	1195.3152031899717
PWY-5417	0.0	0.0	0.0	0.0	0.8038483027411842	0.0	0.0	0.0	31.645843218317108	18.98227609709727	47.20223959516007	0.0	0.0	0.0	800.284630749067
PWY-5419	7.992302762554965	0.0	0.0	0.0	0.0	0.0	0.0	0.0	3.9833288933144786	13.763252921492251	0.0	0.0	0.0	0.0	0.0
PWY-5420	13.761932310483099	0.0	0.0	0.0	0.0	0.0	0.0	0.0	6.955177098157356	15.747578015354854	0.0	0.0	0.0	0.0	0.0
PWY-5430	0.0	0.0	0.0	0.0	0.0	0.0	0.0	0.0	5.386640859064701	12.936441100493777	0.0	0.0	0.0	0.0	0.0
PWY-5431	0.0	0.0	0.0	0.0	0.8038483027411842	0.0	0.0	0.0	31.645843218317108	18.98227609709727	47.20223959516007	0.0	0.0	0.0	800.284630749067
PWY-5484	30776.084280677263	42330.018771255905	20455.369271116684	30393.163084723918	18916.729538294778	19753.774382796862	28788.532572259213	13752.996334197207	12917.716556255256	22233.940443108368	27635.440782173606	10771.543390983656	43524.581799599706	19776.487277104636	24310.304795728905
PWY-5505	24681.725024763895	27703.13369501679	11420.173282375594	4121.917833183907	8935.108150780814	3250.7837719637832	17034.114234385546	1693.5769551330484	11752.075320785694	14284.753838144312	11102.440153216206	4113.2443347033695	17238.0237590519	11285.835112290764	10605.758968236561
PWY-5507	8.717322084973574	0.0	0.0	0.0	14.563299214907714	0.0	0.0	240.10704192991034	42.79429261289053	147.08810485424965	0.0	62.47467314872304	0.0	0.0	675.6300305039583
PWY-5509	17835.154429251772	38856.63285841634	7562.777356755784	15412.1883366521	5829.384026161197	2861.525401599585	5439.573876607108	1648.9547535312236	9953.81467163788	6722.642934122802	10621.289383912685	1946.3310512173998	20323.66586123266	8487.289529644857	6650.375570768348
PWY-5531	1.1991623323457443	0.0	0.0	0.0	0.0	0.0	0.0	0.0	0.0	47.40968686506901	0.0	0.0	0.0	0.0	0.0
PWY-5532	0.0	0.0	0.0	0.0	0.0	34.36495914243037	0.0	0.0	11.919518153478906	56.323177383907534	0.0	0.0	0.0	11.9449538903724	0.0
PWY-5647	0.0	0.0	0.0	0.0	0.0	0.0	0.0	0.0	2.4336165693043017	7.000000000000001	0.0	0.0	0.0	0.0	0.0
PWY-5651	3.8666227836374647	0.0	0.0	0.0	0.0	0.0	0.0	0.0	23.52786555027038	13.66594360086768	0.0	0.0	0.0	0.0	10.999999999999998
PWY-5654	0.0	0.0	0.0	0.0	0.0	0.0	0.0	0.0	2.0	7.0	0.0	0.0	0.0	0.0	0.0
PWY-5655	0.0	0.0	0.0	0.0	0.0	0.0	0.0	0.0	5.401865245109312	10.997214397474819	0.0	0.0	0.0	0.0	0.0
PWY-5659	17501.035081352686	35865.18989753093	19633.704841656327	27788.107466811492	11330.937580156664	17288.481574841368	7916.598693006405	15987.74860355182	9529.274258801011	27426.15527575537	20913.522763710596	24867.50707788027	33446.36364842038	16029.685154880628	20600.211520161265
PWY-5667	33444.87151936449	39821.369133182874	24450.100980990006	25216.11488950471	20010.971599543915	19970.011398039285	27638.509881497102	16942.540937421632	15052.013592746152	31877.27194063116	25291.57775974847	26425.33761602909	36301.29293680608	19146.179603250766	25668.797153483607
PWY-5676	801.9835455960497	7171.246129414092	444.68669525668537	3294.2780090426454	0.0	20.50225846675201	5632.482717636961	412.6478488440231	269.17155704152094	180.3348491636563	3703.81870696195	77.90091243263568	12916.184915711454	0.0	2108.4663448405395
PWY-5677	115.61142497290885	2074.1557113321737	740.826260826749	990.3947719766265	685.9252300046999	16.5120613910724	130.18585327670465	95.39780430858437	24.22265409146142	106.03306742745795	662.4746499391259	36.18510047388693	5320.54718911216	5.325573775324609	0.0
PWY-5686	37352.99815026059	44718.16099157278	28408.384798740364	29086.576956769888	21705.92154077171	22216.65647279842	25367.73139619712	19792.13502889149	14364.54483185238	37637.74627984703	27114.432199018396	31549.76737388455	42722.4854415168	22053.463165407986	29627.390077443615
PWY-5695	8888.63734237385	33111.486378192254	9083.676920571186	23526.837496069682	10616.454490587601	14079.579917450756	26120.78408072249	7048.874336302234	9421.437066295002	5500.327153203254	22367.173497078387	3430.4873866330217	28283.763757638135	9240.178196080684	13678.569097527803
PWY-5705	438.444543317272	1555.5238289873123	1824.5940469775896	1948.3942030802507	1765.3385138708197	3176.373073119459	6675.877965666622	1060.984208594711	1359.190858783647	165.280196256212	4845.079474932528	139.70444929197322	260.9751368859631	1073.6536086245746	2094.389236169218
PWY-5741	1.5168698270275827	0.0	0.0	0.0	0.0	0.0	0.0	0.0	0.0	0.0	0.0	5.722871441076355	0.0	0.0	0.0
PWY-5747	237.05546336319898	1208.2237874667178	1600.606303444906	1633.896260993891	907.0959097007606	3300.7039248591573	4193.143782522237	1022.2426916361644	1131.3249278994206	29.50673031090344	4318.679696474331	48.950080220809404	220.94747826086956	1055.677024278331	1782.7360731045314
PWY-5823	0.0	0.0	0.0	0.0	0.0	0.0	0.0	0.0	0.0	0.0	0.0	13.72762645914397	0.0	0.0	0.0
PWY-5837	16710.909387299336	19058.810532289397	7192.9660559253625	5607.967791277843	10167.902387782231	4572.30344526638	17392.611860995792	2248.550872502921	6585.4685494172145	5829.306907422708	10803.63781690957	1811.4382772304723	3792.3907801635555	8038.130984774913	8859.987069786619
PWY-5838	19490.435605023777	27443.52909761971	8950.058881069184	11736.029598648905	11360.753635394058	6112.079438668087	8719.841199230623	3536.9713995543925	7775.7689788881935	7987.366396848728	12676.944615517315	2688.4783707949164	9863.23098019384	11001.435939140552	11297.947996344412
PWY-5840	19731.338505136166	26425.346364648994	8959.230897336634	9938.743232817122	10693.081386772898	5900.647607514454	9647.058316959143	3577.4881063405596	7512.731015074991	8050.283268854748	11814.198925891502	2781.180768964548	9538.000171075997	10488.539021841563	10400.123041726602
PWY-5845	5095.271792680479	9971.648765203687	6766.363442776576	9938.743232817122	10585.629231150522	5900.647607514454	8702.469770036445	3108.4753767825005	6077.502937841846	1143.5239738363266	11310.261952412342	789.2787109621769	2421.244557488913	6329.889134737513	9879.576387656405
PWY-5850	5095.271792680479	9971.648765203687	6766.363442776576	9938.743232817122	10585.629231150522	5900.647607514454	8702.469770036445	3108.4753767825005	6077.502937841846	1143.5239738363266	11310.261952412342	789.2787109621769	2421.244557488913	6329.889134737513	9879.576387656405
PWY-5855	396.9063719016004	2565.5594528119505	2308.2240763003433	4242.685029917191	6728.25329214306	4580.247138082119	5227.554394742844	1431.1149522089797	2801.760808581796	716.968266048973	6571.657213969655	179.22100788244188	352.83614102214267	1607.4743535325813	6682.253837579053
PWY-5856	396.9063719016004	2565.5594528119505	2308.2240763003433	4242.685029917191	6728.25329214306	4580.247138082119	5227.554394742844	1431.1149522089797	2801.760808581796	716.968266048973	6571.657213969655	179.22100788244188	352.83614102214267	1607.4743535325813	6682.253837579053
PWY-5857	396.9063719016004	2565.5594528119505	2308.2240763003433	4242.685029917191	6728.25329214306	4580.247138082119	5227.554394742844	1431.1149522089797	2801.760808581796	716.968266048973	6571.657213969655	179.22100788244188	352.83614102214267	1607.4743535325813	6682.253837579053
PWY-5860	3789.477575979202	7405.524103481081	6841.801687401753	7960.574258274844	11289.522932751195	6795.950897587236	12266.15503144001	3248.8003059610237	5357.756043972138	815.5000749183636	11745.442403297566	609.6599330090711	1660.513068587495	5321.737400693516	10302.005579476134
PWY-5861	21524.41676181821	25467.61875888549	10861.043664557632	9755.51680078261	12672.720783552479	7227.9029120867945	12318.038105854519	4010.4931401848753	7533.502815588107	9774.846911301971	14116.01446725855	3358.7957549649473	7419.092101933516	11456.929544446466	12819.267343825206
PWY-5862	3789.477575979202	7405.524103481081	6841.801687401753	7960.574258274844	11289.522932751195	6795.950897587236	12266.15503144001	3248.8003059610237	5357.756043972138	815.5000749183636	11745.442403297566	609.6599330090711	1660.513068587495	5321.737400693516	10302.005579476134
PWY-5863	17771.87262611775	20311.049806554864	7858.369096487225	6183.661017724332	10413.717815048432	5011.757265782769	17366.22050287938	2517.907948059804	6892.629569736395	6489.408568899846	11364.181670657956	2050.013363965308	4270.981061475082	8630.936038529575	9538.36652552506
PWY-5896	5095.271792680479	9971.648765203687	6766.363442776576	9938.743232817122	10585.629231150522	5900.647607514454	8702.469770036445	3108.4753767825005	6077.502937841846	1143.5239738363266	11310.261952412342	789.2787109621769	2421.244557488913	6329.889134737513	9879.576387656405
PWY-5897	19562.160640707178	26851.508972874297	8998.149355392356	11085.85770944264	11420.37925006791	6149.858640505102	9456.599103020964	3506.5815722455086	7703.961472467124	7999.773921046091	12703.543145221769	2700.662628134056	9089.892515076877	10876.23274815438	11292.040051032352
PWY-5898	19562.160640707178	26851.508972874297	8998.149355392356	11085.85770944264	11420.37925006791	6149.858640505102	9456.599103020964	3506.5815722455086	7703.961472467124	7999.773921046091	12703.543145221769	2700.662628134056	9089.892515076877	10876.23274815438	11292.040051032352
PWY-5899	19562.160640707178	26851.508972874297	8998.149355392356	11085.85770944264	11420.37925006791	6149.858640505102	9456.599103020964	3506.5815722455086	7703.961472467124	7999.773921046091	12703.543145221769	2700.662628134056	9089.892515076877	10876.23274815438	11292.040051032352
PWY-5910	3608.7013758810594	152.9043510392794	1240.1188113361168	418.8704210378438	806.882626529087	2964.8257777089557	13165.611032052437	2250.8979152766024	267.6251174019138	616.6023544094224	510.5320204471168	1522.2274664227732	1257.0931097712103	521.0074564712941	1308.5096687508692
PWY-5913	14740.327365882476	19184.40406798562	18240.106750123698	23693.382523962046	13331.242934092725	16357.943514648316	7283.701676379806	14705.498009756566	9518.830964135572	25935.723497352028	16676.18041133257	24196.21322072817	33686.37401700482	11437.623744495062	20036.08068783973
PWY-5918	17039.918945401594	15531.40400060689	6928.304782706845	4323.997348955865	8861.65980350908	4736.7982784559645	7485.798102759941	1878.0093039865058	4342.9180921551815	6759.3906281664695	8727.403049670389	1889.4148774146183	3570.363386249194	6831.639147507422	8317.645764917628
PWY-5920	975.1787223184878	3875.7857766768257	3769.6400217535643	944.1573204709227	6589.881848363473	972.1977138248338	142.21170521877914	1279.8188355483999	2283.202613508776	352.6788961713416	5815.5000028610975	344.8780367881784	796.501956162169	2865.5600938133625	6629.749494939446
PWY-5971	1449.1224229655918	4574.077626451587	4900.015604334008	9758.717883167094	13266.848271910923	6700.499705734517	12854.223914999262	5033.469675819302	5864.842438984033	2207.765827816512	9678.567567895801	900.2561499469931	1173.6991209431478	9201.90047961491	13316.75503151502
PWY-5973	21542.745694721034	39500.50581149032	9012.715284733615	28453.91186277086	16532.880722151578	6278.837144503303	25497.58814211267	5199.396787657067	14730.720958017535	8299.19357544916	15944.696656016555	3610.056442339582	28974.987578018754	12850.089602427783	16778.98993158688
PWY-5989	907.2402568373366	4438.949339254307	4126.775982733811	9511.83763074939	15552.298589858105	6745.91468456779	7632.545503797952	5200.172203658509	5578.964002602958	1598.9087486568944	10368.714408941472	615.9522087155906	746.4986797448435	10308.611059332427	14409.894388159799
PWY-6071	351.1098970082049	1527.1922064343214	1968.7793903426145	2684.03288268093	2038.8056359082168	3760.444769287163	4959.493621452185	1362.0570839902607	1762.5223956070158	19.82943844310207	5599.227299709193	45.207183199657734	318.2355208919087	1372.7382550225084	2497.0659562633373
PWY-6107	0.0	0.0	0.0	0.0	0.0	0.0	0.0	18.0	0.0	0.0	0.0	0.0	0.0	0.0	0.0
PWY-6121	33342.72818211814	44954.30362515608	24458.19996618788	29554.43972127536	19038.6338778627	20688.323524852414	26637.00763374663	17307.29391447513	13543.06293210888	32146.591781952153	24764.860377667377	26617.992682439086	42607.658179550206	20675.20246229526	25938.702318123833
PWY-6122	33456.66677606255	42609.4167259819	24185.15455376449	27777.504103905794	18191.722683754568	20195.453201606513	26911.261893261613	16996.612116012402	13548.579879304763	32129.840983586746	23965.68950709043	26609.870763144467	42086.8123632146	19970.996795674055	25129.35214935846
PWY-6123	32345.172023001018	43215.04827624567	24123.279117244667	27417.84219078153	18109.559364779027	19148.949871607943	21089.77068944022	16954.061029045868	11919.217576567402	31744.486215569454	22783.17733190358	26431.268197877285	38562.33906540356	20094.80194356223	24851.767746515437
PWY-6125	28224.888195575593	39726.78269378124	15440.126734948968	24124.101457670604	16709.331725371478	12916.261147152494	11012.13978273661	9327.726815255039	11501.2770939362	15207.839406878587	19492.802919261656	7506.533429477002	32041.32612880799	17127.56780850761	19399.448053076736
PWY-6126	37833.440600538976	46373.4653656882	28288.13081196457	29144.010865762208	21711.574402282975	23202.15882058484	27418.75965021418	19584.076108976475	14199.629273780269	37532.50614810802	27438.489695996952	30823.94049416866	42647.8295619147	22317.214800331094	29657.546172465907
PWY-6147	21825.969566134518	35758.48402415078	11465.635453811032	23738.242192965477	12816.155741091881	9459.615549606362	5492.646705182881	7910.238938797318	10153.258807155074	10892.8995253655	15041.426095212166	6197.701106903368	28873.983289082204	13982.899458282289	17850.742209165397
PWY-6151	21758.939262130312	29776.51669584789	21094.03933220142	20800.45046235419	16760.139610998456	19256.141402436333	22344.35334003345	15687.99985676976	7050.418755173822	28998.151176272942	19364.99966575969	25401.51267234273	19573.664683407365	15308.744538470555	23237.637032575643
PWY-6163	34513.26712038378	40838.29051853239	25075.598245977533	25699.482139629763	19372.56220797152	19583.26425573691	22468.440253533303	16949.34715753914	13250.826811308505	32858.80898651053	23937.11512907092	26720.12250639206	37384.8142815891	19897.470634301982	26628.463574768288
PWY-6165	30.09268302806812	0.0	0.0	0.0	0.0	0.0	0.0	0.0	0.0	0.0	0.0	0.0	0.0	0.0	0.0
PWY-6182	0.0	0.0	0.0	0.0	0.0	0.0	0.0	0.0	29.909058699743774	12.3072054101365	43.286111181939184	0.0	0.0	0.0	639.6123012860629
PWY-6185	0.0	0.0	0.0	0.0	0.0	0.0	0.0	0.0	34.44619425980967	10.736993288343445	54.04789751909928	0.0	0.0	0.0	611.205574625096
PWY-621	18259.942251430006	14039.478669812845	20091.807617167964	17362.45334391901	19416.307047182334	20511.445467555415	37797.63721863591	17255.858180009996	11591.110535108048	28077.361509368326	22031.177530889592	25312.71693973709	28184.474706135294	15158.49614454142	24230.138572396943
PWY-6210	0.0	0.0	0.0	0.0	0.0	0.0	0.0	0.0	2.0	7.0	0.0	0.0	0.0	0.0	0.0
PWY-6263	0.0	0.0	0.0	3002.4706431154887	0.0	0.0	0.0	0.0	0.0	66.99014796126693	0.0	76.01875969079809	11.995156080048423	0.0	0.0
PWY-6269	17951.19801931604	39059.84237150111	7648.8628236087	15472.893651693394	5883.670724775254	3034.491116749392	5494.063457235691	1687.862114397008	10140.601081068535	6767.112630343289	11095.06463832401	1959.1808551982167	20362.898102809046	8559.269355110691	6711.315447658166
PWY-6277	33456.66677606255	42609.4167259819	24185.15455376449	27777.504103905794	18191.722683754568	20195.453201606513	26911.261893261613	16996.612116012402	13548.579879304763	32129.840983586746	23965.68950709043	26609.870763144467	42086.8123632146	19970.996795674055	25129.35214935846
PWY-6282	903.5190371034396	4401.9030993129945	3902.3178871845785	9266.273758712112	14339.511060754368	6067.6926589297145	9890.671411212767	4620.137886333889	5576.352629798585	1561.0760798286622	9763.532317012696	601.4010321872262	744.4245376838669	9530.273378843238	13086.14088472622
PWY-6317	38422.102416550246	41139.17563757374	28346.12034890438	25992.940542917735	20524.002576366765	22339.626975746858	24748.251536093205	20660.376722230212	11377.148134704921	37373.674895953074	27370.8923272678	30712.27635946103	40786.41146277719	24420.031690022195	29537.514378684627
PWY-6353	2503.3395654011465	7313.963982223536	4767.311034728904	12327.82246979014	6685.242455642978	7723.11445866615	20345.16098123068	4725.814647817445	5729.767775321469	2590.347981810658	11725.445750465306	630.2033597666747	10030.027318968727	3891.1678936662856	8358.175107695986
PWY-6383	134.0838690498373	55.294416971691604	21.94174083705423	41.781622832870475	57.26741336949448	83.55068394188838	0.0	207.2816443393848	5.992219650203817	45.96293900086258	21.968401407928614	213.84533992784648	114.43522258139558	181.17357172441424	330.12344649060515
PWY-6385	32726.29157041183	39379.29453283477	24211.69076043981	25380.58431078216	18456.555081140566	19869.101977706527	22785.49614161642	16912.189135366523	11286.534405261065	31899.210230675417	22479.096908063842	26515.79400668157	37075.80789029566	19132.498627456134	25334.710011240524
PWY-6386	32725.364472639445	39540.23671969252	24218.35262642505	25371.737971699666	18417.125337770678	19759.800264522855	23534.07397379927	16980.44109330601	11084.144548811262	31898.300544145775	22170.14729758968	26587.603927258926	37301.00521145522	19119.766666356285	25316.717070257724
PWY-6387	32842.96038806252	39552.22153636709	24278.41674135455	25553.479063515766	18588.682294277132	20055.36701195893	23492.529728026682	16983.659169158957	11458.899756803381	31968.81123484031	22731.183870800392	26552.04925037381	37317.973437733584	19178.90416177542	25460.578436210533
PWY-6396	233.92621056479254	270.90803540387066	188.08718844477542	23.870353128935076	45.7257116249749	52.63085811730352	90.69970247434675	197.46772837262546	28.912678801969452	255.07155959671906	535.5678633832384	290.73488165744504	265.46924160029533	192.32242788747408	646.1376963229458
PWY-6397	2.3274344494109442	0.0	0.0	0.0	0.0	0.0	0.0	1.7384412877692748	3.2431672723065468	0.0	0.0	0.0	2.3268768315011874	0.0	0.0
PWY-6467	15956.889999999998	30131.600000000002	6555.87	17128.6	9264.97	4133.0	4248.0	2600.18	8124.76	5724.0	10359.97	1704.27	21146.9	10069.1	8948.099999999999
PWY-6470	5301.1206616639865	177.62270352377223	4118.813907620721	1123.0472274641324	2811.8421602433127	463.05799112983846	19198.291472562938	7150.2762700039675	953.3608123663255	3177.6259640843555	2237.5478956943857	7039.830633957127	1955.0809328806859	1107.7691652354372	5532.942252979813
PWY-6471	25485.28692871749	18232.923346338026	22480.210000579013	16609.29346230584	15915.798937697708	19308.769859583317	21654.26526752921	16381.568855769974	2852.756703804602	30166.844597641226	19352.581276217337	26112.223902605947	26841.411570752913	15061.147868868915	23323.15590574804
PWY-6478	0.0	1395.6044198885852	0.0	493.53848319879853	0.0	23.935287064310767	2484.1613451668513	3.995948212683938	4566.05846945624	762.9659520450562	990.8734772216027	23.807549841161748	173.1966829163871	0.0	0.0
PWY-6505	0.0	0.0	0.0	0.0	0.0	0.0	0.0	0.0	4.510908657869051	10.997214397474819	0.0	0.0	0.0	0.0	0.0
PWY-6507	1875.4974507203085	29390.665550645263	2272.9366775404615	18425.051786076856	2022.7262293341723	4462.8523444591765	20486.734068118098	3743.274777150319	6725.905629212072	815.2908353866063	8319.14486477623	738.9467811022416	19291.66346717487	6219.055782264276	2241.7355759386364
PWY-6519	1040.1712260963047	7274.829020347325	3399.0012090079827	12603.954876697999	10448.498159824345	5839.850946055096	8691.459551683167	4392.25111920124	4482.063718069348	1052.8140778644438	9689.618143275004	608.991825962866	1331.3101983433587	9566.377480353636	9586.444829116004
PWY-6545	1513.6808713881735	14082.7039126957	1689.0879373463317	1978.7173468584167	1795.1312544088116	166.6828746182889	2732.0124080950354	152.74330931922205	532.2868071392703	283.0296923780851	1564.9814544554556	282.84651010416377	201.22901793668464	94.0401866907792	40.42244936527266
PWY-6562	64.62210340555393	731.0864924154059	98.47415219196822	2160.655130371759	145.60195118358482	937.3432014813483	23.526326766969866	34.215227726184466	1232.6335462148536	428.92145424631957	789.3146052292939	120.94190779814099	35.170244450595185	142.24355646304892	2244.2450607966225
PWY-6572	231.85493190521302	35.131932846971964	27.219256267985184	0.0	0.0	0.0	0.0	2764.4542106747735	11.978861095390707	17.960888459681314	1688.5336945479173	113.58850601017406	9385.620648751761	4629.802285833091	68.21705426356588
PWY-6588	1076.7498975749372	6372.833479076199	5670.877957931774	5240.847687976555	3605.9358732190785	6371.078602016966	10999.072198081847	2895.464315832457	3277.3310986808115	156.98606281581513	12014.920503148343	218.81165225440583	5599.91037800501	3431.8620722908418	2780.605869432152
PWY-6590	652.3094421359705	6107.948694471516	1853.4499224164942	4093.402884142273	2466.4109184274184	43.331117341020594	991.6056788245113	895.4676702115681	188.96949441525848	503.29081499503155	3615.528822892348	267.7977266753507	2365.172830323831	35.77437141005077	225.24121306029704
PWY-6608	2024.5387815482536	10043.721720786663	4750.586748539504	11232.947747693897	7642.243704276536	8995.938250999803	22858.729167986512	5012.348262240404	6817.9215243370345	3832.4668553872552	12685.924596267052	580.6443365498868	19756.609777049056	5646.344444662429	8178.4725149016895
PWY-6609	6834.818342468607	27926.558532128223	4358.594798109483	19321.43998938348	8616.58182309538	8419.670624212698	25648.045201806643	6187.785349246182	9286.82086536911	4604.691975534932	10797.519705579785	3309.965244113075	24952.574093631833	7187.6636117668295	7647.998915414906
PWY-6612	7349.519911954413	33418.7297990074	10607.230835946062	22901.852578931615	13833.454700346529	11970.739830038887	11179.598613289065	8574.855022517702	12208.913462355886	5873.649863051435	18244.086399523203	5274.5199428544065	28234.831511696175	13595.107144542126	15842.429973078075
PWY-6628	32758.2044098352	32725.874007064656	21037.17723165249	16004.476985369805	19319.078872796177	14004.1822943241	15515.584078942611	8997.925951156532	9563.703508515497	22860.78321783385	21295.113961351308	10027.43088994157	28752.549054904845	16964.21069428715	24071.335900104204
PWY-6629	2544.8754611473496	9735.100350143515	10364.545899205568	10542.319036551073	5986.864404712142	11885.66201518936	17234.400726215397	6356.1624172298125	6586.871206082896	71.81116863412592	17018.9989517828	372.1158708541814	2437.883365233969	7823.878902925558	6999.4241329677725
PWY-6630	32751.586452785876	32715.016015673915	21030.2988281529	15818.457444963768	18886.474261236497	14002.784411136365	15559.280448624044	8996.057322240851	9250.211409865891	22856.064092317298	21243.891843988124	10025.21875953642	27748.67598226766	16962.75095780795	23723.92291009572
PWY-6690	248.9454545454545	1146.7636363636364	1727.1272727272726	1586.8363636363638	773.8909090909091	3436.581818181818	4571.127272727273	1105.3090909090909	1089.1636363636362	7.82608695652174	4577.236363636363	18.32727272727273	236.5090909090909	1131.9272727272728	928.4776755018298
PWY-6700	19227.944456307312	36055.4085821629	8452.103397353665	20616.657819701497	10971.012324672289	6355.891493083089	18210.842389907368	4680.508757292648	10161.902344011665	7903.650132737049	13442.678142895074	2854.8532314348313	27216.192908550318	12600.855687297084	12444.694213030178
PWY-6703	16405.555181121512	31119.766962287304	6853.285559304796	18873.05260108931	9561.506477757865	5007.552359242032	7392.1614898668895	3074.581823416825	8830.925221610814	6300.121305138024	11405.385086670634	2216.5560983281916	21507.23427442857	10301.237338028313	10511.402956646903
PWY-6708	396.9063719016004	2565.5594528119505	2308.2240763003433	4242.685029917191	6728.25329214306	4580.247138082119	5227.554394742844	1431.1149522089797	2801.760808581796	716.968266048973	6571.657213969655	179.22100788244188	352.83614102214267	1607.4743535325813	6682.253837579053
PWY-6728	0.0	0.0	0.0	0.0	0.0	0.0	0.0	80.81470320614548	0.0	0.0	0.0	37.342623125421305	0.0	0.0	0.0
PWY-6737	30319.78005540839	47391.78400319294	29105.36649485573	35780.53620759453	19605.07171578395	25383.961992058812	16397.84887620801	24535.725496937997	13397.443227859576	39350.96223640732	29948.125914275945	34370.638562196335	50704.32341093707	26443.623474416265	30140.434759570988
PWY-6749	0.0	4158.551833389188	0.0	0.0	0.0	0.0	0.0	0.0	0.0	0.0	0.0	11.997255694462563	23.98755207385202	0.0	11.997126455124617
PWY-6876	2.839825190148675	266.99887467470086	0.0	0.0	0.0	0.8399480050001447	51.905086170105015	41.95312910674544	2.839526005572134	14.7875556576954	2.799749477484122	0.0	0.0	2.6596376572717735	105.8973163781011
PWY-6891	22247.42126796034	21173.689770490964	11840.508779518395	6566.518080196693	13218.172364545106	6536.859582423194	5806.931137875749	3356.8725423384144	4362.361942025606	10400.300597494766	12890.3457939458	3156.9489802214953	10331.486147902539	10077.072859630181	12857.160606030868
PWY-6892	31477.340039651746	42839.71250775812	18286.777534956407	23538.20078431672	17024.881610894692	9337.516826841085	7181.00856562298	8494.182999477289	7356.95282419766	19819.088059732934	20986.816055017916	7724.954240911349	27422.131562107363	19518.734094982352	18557.655050005564
PWY-6895	22875.251875338592	33617.69338930095	10020.660088570936	15495.373922602017	12282.327982389827	6060.352861628977	7007.164524563036	3838.1291977502183	7275.256617872458	9169.959303969103	13955.32331156459	2947.7114192543163	21450.9577439622	12966.341295800241	12500.716704711194
PWY-6897	32673.001006809543	37843.621578409075	15191.294013691908	23027.684665257853	15641.699819983914	9022.451385931587	20905.187944874808	6102.782633366203	9342.93023122535	15057.840124815833	19592.325968758058	5540.824752778777	29913.932508601953	16878.55046655667	17151.68406855551
PWY-6901	9292.854289566043	35582.46818469539	11933.052255714085	24068.96483196132	16186.671877310857	15427.981527680206	23969.616955323174	9826.907001507954	10157.673063993812	4214.471682216449	19256.44341100776	3319.2165964969954	34150.927930680344	15283.340480099325	15517.356224949943
PWY-6906	0.0	0.0	0.0	0.0	0.0	0.0	2302.1181507851757	0.0	0.0	0.0	0.0	0.0	0.0	0.0	0.0
PWY-6969	5841.5523361235	38142.24857744904	6692.945443488785	29019.507248518268	12880.29141326607	9433.374737929638	9118.433444299772	7946.229245326193	12250.149714883499	2744.337590152429	18323.991477560157	3120.5877041503004	40124.24742448741	16778.091506228306	12832.168879726923
PWY-7003	295.11483751058597	3761.2657353557515	1166.2406629927477	169.7250586304225	1026.2327838188369	536.1903628371623	8277.870113816864	3306.5342467924215	821.64602875738	380.5488220409242	89.62501516723972	588.5829380721597	1205.2294840195163	576.756899568859	3171.3890434310683
PWY-7007	3.9899815869311492	0.0	0.0	0.0	0.0	0.0	0.0	0.0	3.9983025671247336	0.0	0.0	0.0	3.9929899623240286	0.0	0.0
PWY-7013	39597.757146722244	37030.18810274362	21728.285493498555	3204.9874966278494	17207.278379030544	3128.964079576436	1295.1197173469975	3289.023209705738	4988.693233874213	24211.35067971658	15324.509075281987	7243.182969083826	13553.720070155316	18807.383396594123	19091.128676963406
PWY-7090	0.0	0.0	0.0	6.500136162424037	0.0	0.0	0.0	0.0	0.0	0.0	0.0	0.0	4.595990829082287	0.0	0.0
PWY-7094	187.68115364993005	0.0	0.0	191.9090799548734	8.037133159327942	0.0	0.0	630.4494796360885	94.81647656952117	201.20535759380664	256.77142252388774	28.695813402195725	17.876635422851173	0.0	5563.015718902489
PWY-7111	36659.16911300193	48584.502474969595	31630.855882325282	34955.032617084136	25678.52195776581	26599.866893664213	37058.61206763417	21505.735558755925	15777.909219689564	42669.093455988994	33336.16734198242	34213.78899883037	45657.19462587994	23882.065384861187	35591.56026880436
PWY-7159	1.1991623323457443	0.0	0.0	0.0	0.0	0.0	0.0	0.0	0.0	47.40968686506901	0.0	0.0	0.0	0.0	0.0
PWY-7184	24801.912037205053	32046.75161477451	12246.045861152532	18537.440704257708	14183.370105694428	10179.429448180561	8330.93799410247	7100.391768061777	8565.606704981516	11296.937874298928	16225.407824779266	5253.470502954692	24805.88513267291	14630.326384842372	15792.877806449478
PWY-7187	27176.50995620857	31896.52708580751	22413.330770353794	18632.232236411513	16655.354893540094	18715.831141192568	12470.158556527755	15685.374432795694	8903.006902246214	30473.4492463695	20134.97682391993	25709.941888900914	26556.311646985127	15551.663457252465	23644.735673106417
PWY-7196	9785.108315594935	39297.49752238936	6340.12970551026	22406.64388546338	10477.645277467409	8262.178096664782	10399.512115712834	5549.776554911594	10695.490784110445	4650.099702837899	13247.618753233415	3235.7096481003937	25847.269466807702	12283.30778121313	10050.683187210125
PWY-7197	19737.510354304606	32255.995795811745	8783.489530453722	16872.5453365191	11034.430589675434	7648.125611194319	7399.903422267019	4950.767897227123	9217.149975336888	7966.893098964689	12945.241288814765	3515.553171863789	19692.882891144818	11270.356795710526	11731.968313861664
PWY-7198	55.91176123357381	716.191923904573	0.0	48.90661756828573	73.23382111865328	20.97050764854152	2295.1660976126577	0.0	419.01044652672044	48.8582930176416	10.495266057194943	0.0	0.0	6.997613022155134	0.0
PWY-7199	6879.658136014245	29739.218524653283	4709.434329295323	18457.64618852689	8823.641155624831	6356.883784053586	20598.324753949684	4390.904536663352	4496.8086385995175	2771.7951344843577	9809.71115896844	2363.2514300312087	13409.386139574586	8560.60504722125	7954.068092087542
PWY-7200	8978.079953689901	27943.656691302793	5674.41599394715	16498.24621156717	9506.767736265561	7180.276601430088	10162.061172509706	4643.734086458699	5204.384433984784	3615.800429476839	10892.89658961845	2699.0352686264837	14646.987001704607	9373.07317649692	9157.950365196397
PWY-7208	39445.90835943255	47459.89857995817	26736.007548236514	28068.245029860365	20705.5174141952	21369.92592477844	27576.257489372478	18045.94559050014	14235.647550069969	34800.97523719168	25766.198606484664	27706.921127685648	41708.440074300765	22142.62464955821	28309.524276606284
PWY-7210	79.78816932541149	1012.4637790344051	0.0	69.77417434674706	104.36653385392053	29.92522319241979	2839.4841700294646	0.0	584.3446870034188	69.62688950982485	14.988519609614967	0.0	0.0	9.994237577850456	0.0
PWY-7211	2913.3235858496755	9932.222634338326	8272.247711109596	15662.164597473651	13690.416745342496	10542.418604725568	9928.981111680261	7079.998106953981	9214.587962454874	3696.767186101121	16229.709778994615	1752.7060937184046	17275.944252834193	11792.716451939992	15078.62934253815
PWY-7219	37078.66929698817	45843.56574149595	27590.75790804358	29378.47829701488	21001.46762403445	22235.82097508239	25492.277278080175	19204.055015264687	14077.23161090053	36436.385925676885	26407.31421859405	30216.71893798933	44021.49088322241	22058.859313329354	28758.33309481937
PWY-722	0.0	0.0	0.0	0.0	24.458793854620495	0.0	0.0	0.0	0.0	0.0	0.0	0.0	0.0	0.0	2587.0184358346532
PWY-7220	39112.32670872436	49898.35007616334	29394.834270049105	29263.309342333298	22890.074390863127	25641.43387499288	37372.872123868176	20162.36729336165	15993.960270072022	40113.940897962275	30504.589140307617	31732.30344399444	41525.67656037722	22834.830687172536	31376.73988291281
PWY-7221	35239.88676169187	40562.57800714801	26831.717340596293	27636.41223917727	21441.966167965034	21811.489074433353	21608.19876589243	19115.012888236903	12329.903752450267	35906.199430030756	25232.082136498288	30013.54273007043	43553.92817013947	21257.452650850173	29020.28570906995
PWY-7222	39112.32670872436	49898.35007616334	29394.834270049105	29263.309342333298	22890.074390863127	25641.43387499288	37372.872123868176	20162.36729336165	15993.960270072022	40113.940897962275	30504.589140307617	31732.30344399444	41525.67656037722	22834.830687172536	31376.73988291281
PWY-7228	27599.893491452167	38976.6240896039	14561.964207413264	23874.170933689806	16479.281004918554	12131.7623213625	9914.393893835017	8687.293649488733	11006.874777926561	13929.798604525402	18765.054133194644	6705.460726935917	31277.972756692096	16812.450085747878	18638.853908015015
PWY-7229	38963.81455599773	47954.84996747983	29168.26629460644	30026.5846890695	22498.029605172815	24047.605881407573	29027.43552601668	20182.008941610155	14698.038234540498	38707.25528043314	28507.97997407335	31713.661639296915	43963.865820221275	22998.037500227903	30647.34171417208
PWY-7234	24444.67754149131	14776.922548669465	22012.35474559786	18194.189501076766	16274.798216353704	19146.360285948555	19171.38246112637	16169.213179276692	4634.490922615541	29440.506152811962	19237.571860236018	25789.677144283272	24683.615759648215	14880.379460525714	23159.131571726874
PWY-7237	1204.0	1039.65	128.7	1413.0	5007.72	50.22	2010.8	2244.31	1878.22	96.6	1690.8	91.3	7218.6	4342.33	6479.0
PWY-7242	2135.458206132352	25235.353477787787	3187.0611103447986	18180.98174037139	11207.918022993246	6519.1880259460895	25931.66798061531	4863.475068121009	10950.312580081476	2042.8351249366667	10883.143563355208	1578.6784205860522	19643.32621768018	6293.484365808553	8403.38254666101
PWY-7254	20369.597743719747	22465.086428575698	10849.182431578387	6694.8341455916325	10312.81269495217	7054.257525819991	8285.968527679463	2800.263351674878	4115.078170063319	11591.960697316194	10139.997014764363	3403.0768636895996	9253.389462072271	9681.26650696123	11113.327627972698
PWY-7255	0.0	0.0	0.0	3.997661727287651	0.0	0.0	0.0	0.0	3.9955594200681457	0.0	0.0	0.0	0.0	0.0	0.0
PWY-7315	531.9243687557247	2768.620157225265	3052.0659126583696	4757.535777630282	7800.921020478651	5392.486108550872	9246.688648342308	1932.323198541884	6684.55373817994	186.54000163334518	9610.842178849653	211.30027101242845	465.46108920051506	2007.0869104021174	6294.75105420304
PWY-7323	1345.1503381628786	25847.76164396795	2975.1521026868018	20957.44330947637	1484.371871375308	5678.747332013042	5965.812571727615	4257.66454337121	7195.304556828571	889.0378021182414	9597.43537246699	778.3815499917137	23326.75775811494	8764.902426112481	2701.7368494035813
PWY-7328	787.6960637934809	3393.538825024248	3771.9535612011896	5414.955155838961	9075.25053061252	7407.25712056599	5060.77675220822	2565.2804009058805	5853.905121916162	1155.3062343889276	10738.39567178419	319.5673441642645	673.4072430619651	2661.278654732722	9427.833718985894
PWY-7332	376.7026076876981	1076.456827176619	0.0	20.976289972690818	0.0	0.0	0.0	0.0	9.925813050127195	55.85624198265792	532.6229761112263	0.0	125.48209718722724	9.305404471132938	0.0
PWY-7347	0.5999036175074922	0.0	0.0	0.0	0.0	0.0	0.0	0.0	0.0	11.973536234941037	0.0	0.0	0.0	0.0	0.0
PWY-7371	0.0	0.0	0.0	1307.0	0.0	0.0	0.0	0.0	0.0	28.306451612903224	0.0	29.78181818181818	4.0	0.0	0.0
PWY-7374	0.0	0.0	0.0	1307.0000000000002	0.0	0.0	0.0	0.0	0.0	16.340782122905026	0.0	9.985369422092173	4.0	0.0	0.0
PWY-7376	8.662760423624752	0.0	0.0	0.0	3.840004640407611	0.0	0.0	97.69434734813603	11.433405362932914	0.0	0.0	0.0	0.0	0.0	2277.643542923267
PWY-7377	16548.6065943809	17422.75935126003	5927.256699285313	1186.4586906859802	5051.308574300014	734.1245014447827	987.7375182630007	836.4703320523148	2599.367664216406	6018.548504672488	5127.433892396363	1612.9310468973872	5542.836386396647	5876.991576548845	5545.24625284776
PWY-7391	0.0	0.0	34.98521352178856	15.414212093601272	0.0	0.0	0.0	0.0	0.0	0.0	0.0	0.0	38.74234494156219	0.0	0.0
PWY-7392	10888.585988960975	5937.3505453443695	9159.948069882923	9241.027021345786	5352.83396870942	12358.468191623064	12113.63013971812	8384.559898420192	5020.911810468104	2256.7348802696874	13533.766944586545	5164.851340603118	5147.31317567516	5928.149949163644	7182.335556039106
PWY-7400	30126.851364149847	29377.037386869342	23805.283633010677	19301.528823162073	17819.09504517193	18881.203960249026	21234.033928848676	16338.23535635746	10928.627107721828	31721.49670655711	22413.278353949245	26465.43963902431	29022.39696949531	16864.202903901147	24518.946728511684
PWY-7431	3.628237809607636	252.19758959829923	78.95141352723047	5.995248997169102	1.3398621893925688	0.8399309905463672	61.170819099721705	41.71445544965973	44.40809452369408	25.797080221290987	120.85842431824561	3.9462163925638674	0.0	2.6577719021070307	1113.4530942067627
PWY-7446	246.73132250580048	1063.5023543990087	1583.2	1452.526259729619	718.0700162954915	3167.41313266931	4190.2	1067.062548983103	998.8992499249924	9.268965517241378	4201.278455950431	20.8	232.15633853977482	1066.890049400141	799.9441151149921
PWY-7456	786.1661883511906	22409.77886905307	0.0	17186.55711564702	111.54505506263557	51.25783171970826	113.0109183781665	207.20012580277628	241.99449182629402	25.74767640869408	2964.680008939301	483.0671788609664	7917.5467845023695	5787.622384520941	99.74150407718687
PWY-7527	0.0	0.0	0.0	74.61946960368948	0.0	0.0	0.0	0.0	0.0	0.0	0.0	0.0	0.0	0.0	0.0
PWY-7539	21120.845955816527	35862.61446669064	10794.882795846279	21617.890355189917	12657.84109168397	6873.260123962215	5049.732375825044	4867.545799887796	9077.910034010238	10337.724537917999	14899.717523799005	3797.86025862084	28166.948672782048	13605.716796939603	15066.531199702378
PWY-7560	30409.666895561662	40795.29261297941	23358.022367432164	27184.46228088832	17607.4012061409	17787.426797252247	11189.185923387351	15636.421127904123	12475.963369074965	31463.912409896227	22757.362755425136	25609.903483584265	36444.45242228853	19186.912663142248	24214.42650165417
PWY-7616	0.0	0.0	0.0	0.0	3.583344984307518	0.0	0.0	0.0	0.0	0.0	0.0	0.0	0.0	0.0	373.89715186618236
PWY-7663	22937.747134450572	42892.49180960579	9948.670410026476	34088.21006643449	16967.84395802044	8075.094805809943	27491.63624396875	5897.581196875831	15956.544394136736	9199.835654886683	17956.838111856254	3810.1195678562863	29784.322862085533	14180.02295769964	16818.717219567585
PWY-7664	1372.67465132358	6314.585333278369	4912.12320827552	10328.174112499395	14673.897978964624	6448.375642994342	11033.929588547115	4744.378648730634	6229.527618781941	2198.7218905700247	11013.44580251775	849.8849752057897	1099.8878747612307	10067.875163893252	13638.860394821115
PWY-841	30004.092315114365	42209.79150688299	17870.262870490886	26098.56671798115	17321.561076821956	14766.485439736582	13679.546684522866	11209.745327068671	11950.479683442461	18753.789976122767	20872.80848540888	10158.74483916456	34967.339077716206	18424.058931225973	21169.31617572986
PWY-922	2614.0838550355033	107.1605757614495	882.1240000013403	294.75778700228875	573.6688113627855	2185.309212017916	11516.198948675139	1643.7739597455165	188.67814754889542	434.1632419510164	360.03825776598615	1084.356992942852	889.081191960174	367.80160890928386	931.7023849100453
PWY0-1061	20410.420643637146	16403.639681476823	21817.70937954458	18774.161992341335	18312.446651031667	21075.5271402678	25641.14925986615	16984.66240610815	10167.357615430004	28721.14808947426	23609.844732173682	25852.39088488599	23491.865487637486	14437.0983855706	24974.394904918372
PWY0-1241	15583.039395252888	13185.534990947035	6557.414029017942	3523.617799506514	9230.76375038546	4240.823716337341	4647.503495097673	1712.7149739128683	3458.2034165180444	5923.145551939967	9623.71626256821	1456.2353147618458	5347.218135893584	6341.169022246099	8952.502790637443
PWY0-1261	3053.9315349775106	24325.313614773124	9429.633929435156	16746.402547659785	16934.25669406951	12756.938272704796	22496.599899901837	6198.45654254765	7866.7350687414555	4044.113325835804	19052.177077505676	1271.158488028548	3076.5725341238976	8721.714093058139	15557.126065575705
PWY0-1277	328.2750427557715	1729.5714888378827	2125.878842072353	1909.446005621253	959.153500479518	4127.84114880558	5454.930967069176	1369.5873715274975	1258.8696138617831	14.201438412645	5372.7940545113715	31.99481948322015	298.5890581127455	1378.1911625658215	1569.3724706842295
PWY0-1296	6762.632379263245	21621.47282448754	4066.019082382166	6937.992993977968	7975.219572908791	6613.761486809261	28239.274163038353	3917.7693268470043	7576.9304858332325	4107.697896223836	9344.8693853931	2546.8612357602938	10881.97118074035	6063.072264892402	6798.6795922936935
PWY0-1297	8279.924668087622	17164.476596213884	5072.305998565783	7735.518206277626	9380.930992592343	7631.50572998925	27523.71044000342	4573.520536328444	5946.153883002529	5249.480024717136	10884.91420650818	3076.050532818527	11909.668914083211	7229.689183938136	8281.141567827122
PWY0-1298	18197.74653186122	22638.401487571708	8835.36070718746	8136.529755488396	11856.251295807859	7748.115574676422	25310.152842378826	4492.1120901440045	6234.994094006956	8430.546199083868	12237.952455347438	3348.643125590378	12446.686748182776	9139.314077208946	11045.523258766192
PWY0-1319	33444.87151936449	39821.36913318287	24450.100980990006	25216.11488950471	20010.971599543915	19970.011398039285	27638.509881497102	16942.540937421632	15052.013592746154	31877.27194063116	25291.57775974847	26425.33761602909	36301.29293680608	19146.179603250766	25668.79715348361
PWY0-1338	256.44613072877536	1237.6005695571691	1655.2	2602.792580669886	5399.4869625468855	3173.198186854697	4199.0	1022.6	1913.9708720575682	60.8516129032258	4658.640517108651	93.94280685016176	234.39999999999998	1055.9993946273173	4243.449639682475
PWY0-1415	944.8609874715992	3775.1843263023266	3959.629134516645	3602.11976757923	7714.256082727472	4422.705543361559	6754.5203051397275	1627.596110739284	2697.3026529111976	1213.9939299601872	6613.326079616686	371.88109261528353	747.9842512576283	2708.7256933938834	6581.133124604603
PWY0-1479	2890.8817643024536	7370.153853378995	10613.828652910892	11237.857150886024	13381.24240935036	13593.897085089688	7119.756075995547	7050.897593375928	3948.440539864747	4880.326853949336	14718.55212368048	1444.6204359618482	2519.718584733501	6930.431738092287	16374.21505610217
PWY0-1533	706.4724765268724	2131.185802241138	2521.723076923077	4326.651405109564	7084.44224459409	3948.3076923076924	5966.146718146719	1543.689430799196	2730.5141408302206	143.91179767382818	6603.685580306549	128.74999737319428	436.86921963719794	1738.503649608949	4589.742974038717
PWY0-1586	22765.600670155884	24001.150442225568	23626.571895865392	14933.460672856543	19879.44168398482	24103.348577341814	31500.390169076923	18479.375691832287	9127.842245111906	30512.5138425434	22752.853808008862	27021.238039881442	22594.919166714877	13880.349270617558	27193.96198276368
PWY0-162	30087.10166295823	42296.86438044309	17033.790455448856	25616.51468060772	17162.395408030872	13933.927858007739	12782.67773256271	10428.833215443945	12889.54807405861	17317.547530460182	20662.641743688142	8961.26761367968	33801.1226877654	18034.563820772517	20623.80623917097
PWY0-166	28343.12701056826	32590.21025602057	16725.550487437034	19132.31361903549	16001.858973874409	13762.84156906408	12646.343910893318	10294.37700805558	8926.624953997329	17528.770740868433	18840.906423919077	9381.419025661628	27108.788817751243	16156.709768069692	19772.69992974507
PWY0-321	391.29122430504987	1662.6753750218445	2068.2858623011202	2973.919147014724	2369.042638619101	3925.8670310199095	5168.954932279771	1468.5782134413505	1931.3401561895737	23.607213237939778	5953.348826113269	52.874804081179285	350.37400860652053	1474.9045331844488	3371.6434842559993
PWY0-41	559.6976558720139	1594.3339132568415	2059.205407593697	2075.075346570299	1684.7490125044503	3599.885786316336	8634.846847516532	1226.5415296514477	1543.8153913252945	156.5052547798941	5394.89955735841	165.3054289635052	301.4044496324434	1208.5011926982925	1356.5950936539812
PWY0-42	235.58265651809882	1173.17500832507	1597.0944904924427	1594.5860295983089	859.4034974364936	3269.463553015289	4192.554695164347	1020.7251957463884	1105.9124306558379	28.47991976948553	4287.528725801138	41.39080706102186	220.1053361053361	1052.0114044442485	1680.8557611028464
PWY0-781	13023.51603201543	21274.99692759913	14435.294597625076	15732.51801727519	15732.220286328538	13438.621023809063	17388.318906064564	9446.774512712602	6272.199890926593	10556.125219048998	18774.126496563636	6311.1241414263195	22601.382857198754	14058.791377150172	18860.829176645035
PWY0-845	859.2462697343914	4208.8135715236685	3272.209908445983	11041.44581041225	8960.19482443002	6303.203810507643	7622.608860742282	3847.3799660306627	7603.586740168684	429.2236387424114	10848.977282726122	498.44578456487733	9501.098727175835	6846.601786646009	8783.419149152653
PWY0-862	19890.988793506913	23830.15067744039	8683.734058362319	9214.325894493748	14102.452794010056	6467.011602084436	10138.05079901553	4519.8100623188275	5904.781822646574	7798.559904286564	12470.507868203009	3052.3673629026102	5248.928424548795	9830.941024745614	13535.44004506598
PWY1G-0	8.74889362947335	0.0	2.499923055615401	5.2496604359355805	13.74502516199059	8.748755258398194	0.0	5.2120943479081205	3.7492111131368953	2.087464870242726	0.0	106.15422751036597	16.664746842368984	37.477395113325834	185.3652563120175
PWY490-3	19801.281894376578	19589.308586290605	7439.156240672291	426.43288381104924	6093.426907231402	1014.0436509062419	1187.2626268691863	908.1819388077548	1624.2853560870567	7586.024768973094	4681.241696790568	1935.486435877772	7705.951102373974	6873.425178157556	5778.305473493767
PWY4FS-7	32155.86664553481	25386.695677952328	22417.70441220464	18705.556315953512	19871.1868851828	20544.90265901522	24373.75341625214	12407.646900323183	11500.806927039948	23666.116357235704	24967.210380481858	11841.408935054262	24701.088115975115	17278.600953998124	26751.160920846483
PWY4FS-8	32155.86664553481	25386.69567795233	22417.704412204635	18705.556315953512	19871.1868851828	20544.90265901522	24373.75341625214	12407.646900323183	11500.806927039945	23666.116357235704	24967.210380481858	11841.408935054262	24701.088115975115	17278.600953998124	26751.160920846483
PWYG-321	1084.4152392450533	5210.941794596734	4346.307271410841	10654.263675381602	15136.569723349021	6516.878306741275	10817.347324518663	4893.730597837107	6285.592137787918	1826.936456338335	10677.598635137841	706.9560725533402	897.6188960277277	10041.217978585595	14022.874456611868
PYRIDNUCSAL-PWY	24088.001613532993	30677.24236683242	20051.485340718726	23883.9280877668	15031.495178972571	16599.01293871751	9769.215292195588	15560.184499583413	8621.060036451629	28434.305711774345	18652.0189773687	25297.844401854592	35335.62479607706	16984.72486390041	21317.8660907809
PYRIDNUCSYN-PWY	1362.498112391759	23152.940959396707	3196.2630250551083	19309.509181614692	7797.796508494983	5826.018480732329	10359.563827945454	3440.9588074428225	8737.521709168588	991.2081471312667	11083.040458097454	778.7685609920214	21495.05424104661	7351.278353261393	6943.8195098435635
PYRIDOXSYN-PWY	575.3716694820855	3366.590559081878	2102.47780808067	9305.22363859873	6378.084167021616	4193.154297474524	4990.685340272063	2572.400778110884	7392.764737403948	211.7728382884549	7984.08259805369	329.6819002749044	7545.41741157088	5080.834485388188	5871.60469692308
REDCITCYC	1085.023229950963	3942.6491335136097	4840.3115688591115	7747.859110258703	10559.534560585833	2282.4025405293437	7210.106775384703	3079.790425130465	4695.524836280584	269.5806983049681	10744.153631656576	956.9648039807743	6585.613687085397	3398.3925745696574	10641.334132923903
RHAMCAT-PWY	1396.003684826834	21052.65369357	2051.488459743476	16036.25347877475	1466.245120729581	3950.5198434449994	20843.93002280189	2844.496599379662	2562.8131704194425	836.8088194671631	7396.766711079971	399.1143205629406	18818.345279013876	6264.801133855948	1254.3353630512001
RIBOSYN2-PWY	20193.497244821836	33851.184686307315	9748.312658315648	20396.793094370896	12033.36087313155	6113.140886110798	6978.723821316962	4271.202535772501	9311.96047112713	9146.017548549622	14316.260279904403	3114.2385581501203	25779.662207391797	12446.727813898338	12991.957621537333
RUMP-PWY	755.9147593206749	1349.6397661324804	125.55298643425725	464.85619188175906	970.7364847239128	1406.284764706945	8380.419308449169	0.0	360.84857320438095	2074.500496147784	3584.878143285276	205.90090680542372	469.6200260610114	361.33145845972535	0.0
SALVADEHYPOX-PWY	1759.3835590900649	8803.924107026252	5000.453598822815	10170.331751145153	4793.486793233008	9629.443481413167	24294.220585878862	4863.017788751956	6529.975061476345	3702.9505728046493	13672.158241048008	388.90853349729883	5827.957930219983	5272.464329264784	8488.835377400264
SER-GLYSYN-PWY	18621.773172826986	31982.79137867649	19495.31972959891	25145.171593052186	14231.258310397428	17133.831336132946	23847.870487759625	16018.83816071366	10109.772648974169	27873.743362580528	19047.835992482196	25132.35911569855	40689.252148022555	14715.921877925955	21299.388080267174
SO4ASSIM-PWY	684.790798287645	9758.682226966816	2261.792184732107	8277.272716966543	7296.6182031274975	4317.296340504419	7411.970420672663	2446.008518526201	5232.08380483135	296.6319895109424	9553.596680289962	411.0459467071824	917.5616618812921	3302.700872612514	6641.474184865517
SUCSYN-PWY	1.998658356940513	0.0	0.0	0.0	0.0	0.0	0.0	0.0	0.0	39.61525303683327	0.0	0.0	0.0	0.0	0.0
SULFATE-CYS-PWY	1473.396664180029	15938.660749729346	4182.394496641999	13072.312524853523	10024.188563049023	6498.267738671724	9117.20973488947	4205.302880483804	7215.558317440617	648.9784465318146	12843.152585006444	859.032043865826	2003.446946117453	5813.364616652392	10156.118566292178
TCA	6604.631816852809	28773.331562067066	7732.140708848974	25980.12060555729	13899.280979679444	11863.281485474014	9957.003506241686	9150.518906027368	11808.553031794447	3267.5375583277983	19597.7988956275	3787.874308906052	37312.53815117844	16723.870607457873	16062.662381694248
TCA-GLYOX-BYPASS	989.1937931686542	3879.2556743993987	3938.5372870265655	7336.250874086384	9323.718046816233	6960.213947058643	7511.920861837472	3039.8437932848583	4380.291903856113	275.5758629649332	10567.201313441352	378.17303960417246	853.028720415961	3385.1595096152864	8927.00093776294
TEICHOICACID-PWY	955.4801202795271	346.81979403920514	328.6397563754031	689.4765273627486	289.6755113731907	2440.716070423826	3504.086266602511	343.85729070591634	254.81547981072424	674.5977055630034	1554.627377773714	291.76983826838955	1774.9839220714655	589.8325462671228	0.0
THISYN-PWY	23785.750157680766	39795.205435370575	10806.275048219464	23431.657334858446	12808.893157304412	6378.322841106776	7900.2515529781695	4368.751925287808	8418.171575084603	9732.957867950436	14938.572761330628	3224.9488595125363	28941.009409594524	14490.447090659043	13134.041056205402
THREOCAT-PWY	1015.6049373569476	4050.629017725587	4571.866257319959	1213.6032107771964	3132.7206038520108	1345.5990172876309	228.2873156444175	1477.7453133508798	2448.666316055028	40.23765946903891	7331.017044789574	98.68857944599371	888.0749505450156	3337.0811056795937	3645.3441704344987
THRESYN-PWY	33852.21095295161	42034.492584842264	26198.06751006362	28783.590554271035	20339.274765269343	20786.614056307142	22605.676605754314	17829.04051516786	12562.212435068981	34202.72531664294	23324.37965304418	28554.038784606553	39810.29173876413	18865.4576872567	27873.086279283114
TRNA-CHARGING-PWY	31025.898820803268	40186.61564289552	20491.940197007232	25263.580133441388	18029.2678469227	17152.478713388413	20275.05859103186	12931.400032136104	12578.635429524953	23760.127673684827	22219.84778939072	11884.611046948961	36216.70081985808	18428.07763706632	22840.727398282048
TRPSYN-PWY	24372.392476566514	37112.3529027451	12337.616742618147	21160.48268606987	14056.901469131215	9133.695893488828	22985.79638096821	5926.693201483835	13100.874172021086	12974.140518972017	18802.108846826017	4999.73488774602	29857.121669510467	14997.689405596102	16442.924304489374
TYRFUMCAT-PWY	2.193402698751608	0.0	0.0	0.0	0.995779077518042	0.0	0.0	25.631889772540156	29.75599813880265	20.915086747454172	36.0922181786211	0.0	0.0	0.0	930.632641395016
UBISYN-PWY	412.625262359061	2437.9244726750094	2358.01475783843	4285.857395659049	6745.658784542385	4467.277486706858	5028.648186146623	1435.1889836701603	2800.452171077126	741.5761918832432	6541.966009305617	184.81708480418607	367.3696199364056	1661.7141238349543	6459.7479987207225
UDPNAGSYN-PWY	32010.104871017073	25852.11377208735	23935.204920814307	14418.859032670836	17867.994068335298	19069.87653732652	21377.145369218964	15961.464612866046	7332.035127421506	31624.66968069816	20402.717319945314	26224.045915946805	23906.95495300567	16294.778964608948	24763.84262053579
VALDEG-PWY	70.09168248107348	0.0	0.0	0.0	0.0	0.0	0.0	5.977664618116135	0.0	0.0	0.0	0.0	0.0	0.0	0.0
VALSYN-PWY	35320.12904464976	47918.90148125729	27573.54418773465	30273.167950402596	21776.041334646954	22027.302752331674	28049.64033175739	18349.743699411127	14819.920855355342	36933.73366457247	27476.910798859015	29425.613282938753	41635.755948814076	21846.640581707674	30165.88582348512
